Name	Gene(s)	Protein change	Condition(s)	Accession	GRCh37Chromosome	GRCh37Location	GRCh38Chromosome	GRCh38Location	VariationID	AlleleID(s)	dbSNP ID	Canonical SPDI	Variant type	Molecular consequence	Germline classification	Germline date last evaluated	Germline review status	Somatic clinical impact	Somatic clinical impact date last evaluated	Somatic clinical impact review status	Oncogenicity classification	Oncogenicity date last evaluated	Oncogenicity review status
NM_000527.5(LDLR):c.4G>C (p.Gly2Arg)	LDLR|LDLR-AS1	G2R	Hypercholesterolemia, familial, 1	VCV000250971	19	11200228	19	11089552	250971	245337	rs5931	NC_000019.10:11089551:G:C	single nucleotide variant	non-coding transcript variant|missense variant	Uncertain significance	Apr 29, 2022	reviewed by expert panel	NA	NA	NA	NA	NA	NA
NM_000527.5(LDLR):c.4G>A (p.Gly2Arg)	LDLR|LDLR-AS1	G2R	Hypercholesterolemia, familial, 1	VCV000250970	19	11200228	19	11089552	250970	245336	rs5931	NC_000019.10:11089551:G:A	single nucleotide variant	non-coding transcript variant|missense variant	Uncertain significance	Mar 8, 2022	reviewed by expert panel	NA	NA	NA	NA	NA	NA
NM_000527.5(LDLR):c.7C>A (p.Pro3Thr)	LDLR-AS1|LDLR	P3T	Hypercholesterolemia, familial, 1	VCV003071388	19	11200231	19	11089555	3071388	3228969	rs2077057129	NC_000019.10:11089554:C:A	single nucleotide variant	non-coding transcript variant|missense variant	Uncertain significance	May 31, 2023	criteria provided, single submitter	NA	NA	NA	NA	NA	NA
NM_000527.5(LDLR):c.10_40delinsCGGGGGCTGGAAATTGCGCTGGACCGTCGCC (p.Trp4_Ala13delinsArgGlyLeuGluIleAlaLeuAspArgArg)	LDLR|LDLR-AS1	NA	Cardiovascular phenotype	VCV001796834	19	11200234 - 11200264	19	11089558 - 11089588	1796834	1855409	rs2515907194	NC_000019.10:11089557:TGGGGCTGGAAATTGCGCTGGACCGTCGCCT:CGGGGGCTGGAAATTGCGCTGGACCGTCGCC	Indel	non-coding transcript variant|missense variant	Uncertain significance	Apr 2, 2019	criteria provided, single submitter	NA	NA	NA	NA	NA	NA
NM_000527.5(LDLR):c.18G>C (p.Trp6Cys)	LDLR|LDLR-AS1	W6C	Cardiovascular phenotype	VCV003866804	19	11200242	19	11089566	3866804	3984321	NA	NC_000019.10:11089565:G:C	single nucleotide variant	non-coding transcript variant|missense variant	Uncertain significance	Jan 13, 2025	criteria provided, single submitter	NA	NA	NA	NA	NA	NA
NM_000527.5(LDLR):c.25C>A (p.Arg9Ser)	LDLR|LDLR-AS1	R9S	Familial hypercholesterolemia	VCV003894200	19	11200249	19	11089573	3894200	4010081	NA	NC_000019.10:11089572:C:A	single nucleotide variant	non-coding transcript variant|missense variant	Uncertain significance	Feb 2, 2025	criteria provided, single submitter	NA	NA	NA	NA	NA	NA
NM_000527.5(LDLR):c.26G>C (p.Arg9Pro)	LDLR|LDLR-AS1	R9P	Cardiovascular phenotype	VCV004843893	19	11200250	19	11089574	4843893	4956053	NA	NC_000019.10:11089573:G:C	single nucleotide variant	non-coding transcript variant|missense variant	Uncertain significance	Dec 24, 2025	criteria provided, single submitter	NA	NA	NA	NA	NA	NA
NM_000527.5(LDLR):c.30G>T (p.Trp10Cys)	LDLR|LDLR-AS1	W10C	Familial hypercholesterolemia	VCV004759105	19	11200254	19	11089578	4759105	4870432	NA	NC_000019.10:11089577:G:T	single nucleotide variant	non-coding transcript variant|missense variant	Uncertain significance	Jul 28, 2025	criteria provided, single submitter	NA	NA	NA	NA	NA	NA
NM_000527.5(LDLR):c.31A>T (p.Thr11Ser)	LDLR|LDLR-AS1	T11S	Familial hypercholesterolemia	VCV000643347	19	11200255	19	11089579	643347	647613	rs1600683674	NC_000019.10:11089578:A:T	single nucleotide variant	non-coding transcript variant|missense variant	Uncertain significance	Jul 12, 2022	criteria provided, single submitter	NA	NA	NA	NA	NA	NA
NM_000527.5(LDLR):c.42G>C (p.Leu14Phe)	LDLR-AS1|LDLR	L14F	Familial hypercholesterolemia	VCV000926076	19	11200266	19	11089590	926076	914666	rs369608025	NC_000019.10:11089589:G:C	single nucleotide variant	non-coding transcript variant|missense variant	Uncertain significance	Apr 7, 2025	criteria provided, multiple submitters, no conflicts	NA	NA	NA	NA	NA	NA
NM_000527.5(LDLR):c.43C>T (p.Leu15Phe)	LDLR|LDLR-AS1	L15F	Familial hypercholesterolemia	VCV004758444	19	11200267	19	11089591	4758444	4869775	NA	NC_000019.10:11089590:C:T	single nucleotide variant	non-coding transcript variant|missense variant	Uncertain significance	Oct 14, 2025	criteria provided, single submitter	NA	NA	NA	NA	NA	NA
NM_000527.5(LDLR):c.44T>A (p.Leu15His)	LDLR|LDLR-AS1	L15H	Hypercholesterolemia, familial, 1	VCV000250980	19	11200268	19	11089592	250980	245346	rs879254390	NC_000019.10:11089591:T:A	single nucleotide variant	non-coding transcript variant|missense variant	Uncertain significance	Aug 28, 2022	reviewed by expert panel	NA	NA	NA	NA	NA	NA
NM_000527.5(LDLR):c.46C>G (p.Leu16Val)	LDLR|LDLR-AS1	L16V	Hypercholesterolemia, familial, 1	VCV000919564	19	11200270	19	11089594	919564	914668	rs2077058105	NC_000019.10:11089593:C:G	single nucleotide variant	non-coding transcript variant|missense variant	Uncertain significance	Aug 29, 2022	reviewed by expert panel	NA	NA	NA	NA	NA	NA
NM_000527.5(LDLR):c.47T>G (p.Leu16Arg)	LDLR|LDLR-AS1	L16R	Familial hypercholesterolemia	VCV003636894	19	11200271	19	11089595	3636894	3774478	NA	NC_000019.10:11089594:T:G	single nucleotide variant	non-coding transcript variant|missense variant	Uncertain significance	May 26, 2024	criteria provided, single submitter	NA	NA	NA	NA	NA	NA
NM_000527.5(LDLR):c.47T>C (p.Leu16Pro)	LDLR|LDLR-AS1	L16P	Hypercholesterolemia, familial, 1	VCV000250982	19	11200271	19	11089595	250982	245348	rs879254391	NC_000019.10:11089594:T:C	single nucleotide variant	non-coding transcript variant|missense variant	Uncertain significance	Aug 29, 2022	reviewed by expert panel	NA	NA	NA	NA	NA	NA
NM_000527.5(LDLR):c.52G>C (p.Ala18Pro)	LDLR|LDLR-AS1	A18P	not specified	VCV001684852	19	11200276	19	11089600	1684852	1676877	rs1172805138	NC_000019.10:11089599:G:C	single nucleotide variant	non-coding transcript variant|missense variant	Uncertain significance	May 4, 2022	criteria provided, single submitter	NA	NA	NA	NA	NA	NA
NM_000527.5(LDLR):c.53C>A (p.Ala18Glu)	LDLR-AS1|LDLR	A18E	Hypercholesterolemia, familial, 1	VCV003386974	19	11200277	19	11089601	3386974	3546110	NA	NC_000019.10:11089600:C:A	single nucleotide variant	non-coding transcript variant|missense variant	Uncertain significance	Apr 16, 2024	criteria provided, single submitter	NA	NA	NA	NA	NA	NA
NM_000527.5(LDLR):c.56C>G (p.Ala19Gly)	LDLR-AS1|LDLR	A19G	Familial hypercholesterolemia|Hypercholesterolemia, familial, 1	VCV001171603	19	11200280	19	11089604	1171603	1161496	rs879254392	NC_000019.10:11089603:C:G	single nucleotide variant	non-coding transcript variant|missense variant	Uncertain significance	Sep 23, 2024	criteria provided, multiple submitters, no conflicts	NA	NA	NA	NA	NA	NA
NM_000527.5(LDLR):c.56C>A (p.Ala19Glu)	LDLR|LDLR-AS1	A19E	not specified|Hypercholesterolemia, familial, 1	VCV000250984	19	11200280	19	11089604	250984	245350	rs879254392	NC_000019.10:11089603:C:A	single nucleotide variant	non-coding transcript variant|missense variant	Uncertain significance	Jul 15, 2025	criteria provided, multiple submitters, no conflicts	NA	NA	NA	NA	NA	NA
NM_000527.5(LDLR):c.59G>A (p.Gly20Glu)	LDLR-AS1|LDLR	G20E	Hypercholesterolemia, familial, 1	VCV000631358	19	11200283	19	11089607	631358	618931	rs1568582750	NC_000019.10:11089606:G:A	single nucleotide variant	non-coding transcript variant|missense variant	Uncertain significance	Dec 14, 2021	reviewed by expert panel	NA	NA	NA	NA	NA	NA
NM_000527.5(LDLR):c.64G>T (p.Ala22Ser)	LDLR|LDLR-AS1	A22S	Hypercholesterolemia, familial, 1|Familial hypercholesterolemia	VCV000630382	19	11200288	19	11089612	630382	618932	rs942568624	NC_000019.10:11089611:G:T	single nucleotide variant	non-coding transcript variant|missense variant	Uncertain significance	Jul 10, 2023	criteria provided, multiple submitters, no conflicts	NA	NA	NA	NA	NA	NA
NM_000527.5(LDLR):c.65C>T (p.Ala22Val)	LDLR|LDLR-AS1	A22V	Familial hypercholesterolemia	VCV004069800	19	11200289	19	11089613	4069800	4180236	NA	NC_000019.10:11089612:C:T	single nucleotide variant	non-coding transcript variant|missense variant	Uncertain significance	Jan 1, 2025	no assertion criteria provided	NA	NA	NA	NA	NA	NA
NM_000527.5(LDLR):c.77G>A (p.Arg26Lys)	LDLR	R112K, R26K	Hypercholesterolemia, familial, 1	VCV003069638	19	11210908	19	11100232	3069638	3230263	rs1240034669	NC_000019.10:11100231:G:A	single nucleotide variant	missense variant	Uncertain significance	Aug 15, 2023	criteria provided, single submitter	NA	NA	NA	NA	NA	NA
NM_000527.5(LDLR):c.78A>T (p.Arg26Ser)	LDLR	R112S, R26S	Hypercholesterolemia, familial, 1	VCV003386976	19	11210909	19	11100233	3386976	3546112	NA	NC_000019.10:11100232:A:T	single nucleotide variant	missense variant	Uncertain significance	Apr 16, 2024	criteria provided, single submitter	NA	NA	NA	NA	NA	NA
NM_000527.5(LDLR):c.82G>A (p.Glu28Lys)	LDLR	E28K	Hypercholesterolemia, familial, 1	VCV000430745	19	11210913	19	11100237	430745	424291	rs551747280	NC_000019.10:11100236:G:A	single nucleotide variant	missense variant	Uncertain significance	Oct 28, 2022	reviewed by expert panel	NA	NA	NA	NA	NA	NA
NM_000527.5(LDLR):c.86G>C (p.Arg29Thr)	LDLR	R115T, R29T	Familial hypercholesterolemia|not provided|Cardiovascular phenotype	VCV003343845	19	11210917	19	11100241	3343845	3503077	NA	NC_000019.10:11100240:G:C	single nucleotide variant	missense variant	Uncertain significance	Mar 23, 2026	criteria provided, multiple submitters, no conflicts	NA	NA	NA	NA	NA	NA
NM_000527.5(LDLR):c.90C>G (p.Asn30Lys)	LDLR	N30K	not specified|Familial hypercholesterolemia|not provided|Hypercholesterolemia, familial, 1	VCV000453084	19	11210921	19	11100245	453084	446028	rs72658855	NC_000019.10:11100244:C:G	single nucleotide variant	missense variant	Uncertain significance	Dec 1, 2025	criteria provided, multiple submitters, no conflicts	NA	NA	NA	NA	NA	NA
NM_000527.5(LDLR):c.91G>A (p.Glu31Lys)	LDLR	E31K	Hypercholesterolemia, familial, 1	VCV000251013	19	11210922	19	11100246	251013	245368	rs776421777	NC_000019.10:11100245:G:A	single nucleotide variant	missense variant	Uncertain significance	Mar 24, 2023	reviewed by expert panel	NA	NA	NA	NA	NA	NA
NM_000527.5(LDLR):c.109G>A (p.Gly37Arg)	LDLR	G37R	Familial hypercholesterolemia|Hypercholesterolemia, familial, 1	VCV000925748	19	11210940	19	11100264	925748	914672	rs2077193497	NC_000019.10:11100263:G:A	single nucleotide variant	missense variant	Uncertain significance	Dec 16, 2022	criteria provided, multiple submitters, no conflicts	NA	NA	NA	NA	NA	NA
NM_000527.5(LDLR):c.114A>C (p.Lys38Asn)	LDLR	K38N	Familial hypercholesterolemia	VCV001421767	19	11210945	19	11100269	1421767	1337382	rs2147210320	NC_000019.10:11100268:A:C	single nucleotide variant	missense variant	Uncertain significance	Oct 19, 2021	criteria provided, single submitter	NA	NA	NA	NA	NA	NA
NM_000527.5(LDLR):c.116G>A (p.Cys39Tyr)	LDLR	C39Y, C125Y	Familial hypercholesterolemia	VCV003669363	19	11210947	19	11100271	3669363	3796640	NA	NC_000019.10:11100270:G:A	single nucleotide variant	missense variant	Uncertain significance	Nov 18, 2025	criteria provided, single submitter	NA	NA	NA	NA	NA	NA
NM_000527.5(LDLR):c.118A>T (p.Ile40Phe)	LDLR	I126F, I40F	not provided	VCV002501630	19	11210949	19	11100273	2501630	2524533	rs765969972	NC_000019.10:11100272:A:T	single nucleotide variant	missense variant	Uncertain significance	Nov 7, 2022	criteria provided, single submitter	NA	NA	NA	NA	NA	NA
NM_000527.5(LDLR):c.118A>G (p.Ile40Val)	LDLR	I40V	Familial hypercholesterolemia|Hypercholesterolemia, familial, 1	VCV000441177	19	11210949	19	11100273	441177	434819	rs765969972	NC_000019.10:11100272:A:G	single nucleotide variant	missense variant	Uncertain significance	May 30, 2024	criteria provided, multiple submitters, no conflicts	NA	NA	NA	NA	NA	NA
NM_000527.5(LDLR):c.119T>C (p.Ile40Thr)	LDLR	I126T, I40T	Familial hypercholesterolemia	VCV004695946	19	11210950	19	11100274	4695946	4806422	NA	NC_000019.10:11100273:T:C	single nucleotide variant	missense variant	Uncertain significance	Jul 2, 2025	criteria provided, multiple submitters, no conflicts	NA	NA	NA	NA	NA	NA
NM_000527.5(LDLR):c.121T>A (p.Ser41Thr)	LDLR	S41T	Hypercholesterolemia, familial, 1	VCV000889189	19	11210952	19	11100276	889189	879826	rs2077193859	NC_000019.10:11100275:T:A	single nucleotide variant	missense variant	Uncertain significance	Jan 12, 2018	criteria provided, single submitter	NA	NA	NA	NA	NA	NA
NM_000527.5(LDLR):c.122C>T (p.Ser41Phe)	LDLR	S41F	Familial hypercholesterolemia	VCV000920364	19	11210953	19	11100277	920364	914673	rs567126042	NC_000019.10:11100276:C:T	single nucleotide variant	missense variant	Uncertain significance	Mar 9, 2020	criteria provided, single submitter	NA	NA	NA	NA	NA	NA
NM_000527.5(LDLR):c.125A>G (p.Tyr42Cys)	LDLR	Y42C	Familial hypercholesterolemia|not provided|Hypercholesterolemia, familial, 1	VCV000926987	19	11210956	19	11100280	926987	914674	rs2077193966	NC_000019.10:11100279:A:G	single nucleotide variant	missense variant	Uncertain significance	Dec 12, 2024	criteria provided, multiple submitters, no conflicts	NA	NA	NA	NA	NA	NA
NM_000527.5(LDLR):c.130T>C (p.Trp44Arg)	LDLR	W130R, W44R	not specified	VCV003063942	19	11210961	19	11100285	3063942	3224148	rs935456931	NC_000019.10:11100284:T:C	single nucleotide variant	missense variant	Uncertain significance	Jan 16, 2024	criteria provided, single submitter	NA	NA	NA	NA	NA	NA
NM_000527.5(LDLR):c.131G>T (p.Trp44Leu)	LDLR	W44L	Hypercholesterolemia, familial, 1	VCV000441178	19	11210962	19	11100286	441178	434820	rs267607213	NC_000019.10:11100285:G:T	single nucleotide variant	missense variant	Uncertain significance	Mar 1, 2016	criteria provided, single submitter	NA	NA	NA	NA	NA	NA
NM_000527.5(LDLR):c.132G>C (p.Trp44Cys)	LDLR	W44C	Familial hypercholesterolemia	VCV000919411	19	11210963	19	11100287	919411	914675	rs1555802287	NC_000019.10:11100286:G:C	single nucleotide variant	missense variant	Uncertain significance	Mar 6, 2024	criteria provided, single submitter	NA	NA	NA	NA	NA	NA
NM_000527.5(LDLR):c.133G>A (p.Val45Ile)	LDLR	V131I, V45I	Familial hypercholesterolemia	VCV002105825	19	11210964	19	11100288	2105825	2166286	rs2515945541	NC_000019.10:11100287:G:A	single nucleotide variant	missense variant	Uncertain significance	Mar 3, 2022	criteria provided, single submitter	NA	NA	NA	NA	NA	NA
NM_000527.5(LDLR):c.134T>G (p.Val45Gly)	LDLR	V45G	not provided|Familial hypercholesterolemia	VCV000801196	19	11210965	19	11100289	801196	789646	rs1600700584	NC_000019.10:11100288:T:G	single nucleotide variant	missense variant	Uncertain significance	Sep 24, 2022	criteria provided, multiple submitters, no conflicts	NA	NA	NA	NA	NA	NA
NM_000527.5(LDLR):c.138C>G (p.Cys46Trp)	LDLR	C132W, C46W	not provided	VCV002681994	19	11210969	19	11100293	2681994	2843027	rs754676104	NC_000019.10:11100292:C:G	single nucleotide variant	missense variant	Uncertain significance	Apr 17, 2023	criteria provided, single submitter	NA	NA	NA	NA	NA	NA
NM_000527.5(LDLR):c.139G>T (p.Asp47Tyr)	LDLR	D47Y	Hypercholesterolemia, familial, 1	VCV000996231	19	11210970	19	11100294	996231	983999	rs778284147	NC_000019.10:11100293:G:T	single nucleotide variant	missense variant	Uncertain significance	Mar 30, 2022	reviewed by expert panel	NA	NA	NA	NA	NA	NA
NM_000527.5(LDLR):c.139G>C (p.Asp47His)	LDLR	D47H	Hypercholesterolemia, familial, 1	VCV000440546	19	11210970	19	11100294	440546	434196	rs778284147	NC_000019.10:11100293:G:C	single nucleotide variant	missense variant	Uncertain significance	Dec 13, 2021	reviewed by expert panel	NA	NA	NA	NA	NA	NA
NM_000527.5(LDLR):c.139G>A (p.Asp47Asn)	LDLR	D47N	Hypercholesterolemia, familial, 1	VCV000251034	19	11210970	19	11100294	251034	245388	rs778284147	NC_000019.10:11100293:G:A	single nucleotide variant	missense variant	Uncertain significance	Jun 7, 2021	reviewed by expert panel	NA	NA	NA	NA	NA	NA
NM_000527.5(LDLR):c.141T>G (p.Asp47Glu)	LDLR	D133E, D47E	Cardiovascular phenotype	VCV004046747	19	11210972	19	11100296	4046747	4163323	NA	NC_000019.10:11100295:T:G	single nucleotide variant	missense variant	Uncertain significance	May 5, 2025	criteria provided, single submitter	NA	NA	NA	NA	NA	NA
NM_000527.5(LDLR):c.143G>A (p.Gly48Asp)	LDLR	G48D	Familial hypercholesterolemia	VCV000183082	19	11210974	19	11100298	183082	181221	rs730882077	NC_000019.10:11100297:G:A	single nucleotide variant	missense variant	Uncertain significance	Oct 19, 2024	criteria provided, single submitter	NA	NA	NA	NA	NA	NA
NM_000527.5(LDLR):c.145A>C (p.Ser49Arg)	LDLR	S49R	Familial hypercholesterolemia	VCV000926432	19	11210976	19	11100300	926432	914676	rs2077194647	NC_000019.10:11100299:A:C	single nucleotide variant	missense variant	Uncertain significance	Dec 5, 2023	criteria provided, single submitter	NA	NA	NA	NA	NA	NA
NM_000527.5(LDLR):c.148G>A (p.Ala50Thr)	LDLR	A50T	Hypercholesterolemia, familial, 1	VCV000251037	19	11210979	19	11100303	251037	245391	rs137853960	NC_000019.10:11100302:G:A	single nucleotide variant	missense variant	Uncertain significance	Oct 28, 2024	reviewed by expert panel	NA	NA	NA	NA	NA	NA
NM_000527.5(LDLR):c.148G>T (p.Ala50Ser)	LDLR	A50S	Hypercholesterolemia, familial, 1	VCV000068099	19	11210979	19	11100303	68099	78990	rs137853960	NC_000019.10:11100302:G:T	single nucleotide variant	missense variant	Uncertain significance	Oct 28, 2024	reviewed by expert panel	NA	NA	NA	NA	NA	NA
NM_000527.5(LDLR):c.149C>G (p.Ala50Gly)	LDLR	A136G, A50G	Familial hypercholesterolemia	VCV003636896	19	11210980	19	11100304	3636896	3774480	NA	NC_000019.10:11100303:C:G	single nucleotide variant	missense variant	Uncertain significance	Feb 6, 2024	criteria provided, single submitter	NA	NA	NA	NA	NA	NA
NM_000527.5(LDLR):c.151G>A (p.Glu51Lys)	LDLR	E137K, E51K	Familial hypercholesterolemia	VCV004715580	19	11210982	19	11100306	4715580	4822303	NA	NC_000019.10:11100305:G:A	single nucleotide variant	missense variant	Uncertain significance	Aug 20, 2025	criteria provided, single submitter	NA	NA	NA	NA	NA	NA
NM_000527.5(LDLR):c.153G>C (p.Glu51Asp)	LDLR	E51D	Familial hypercholesterolemia|not provided|Hypercholesterolemia, familial, 1	VCV000923931	19	11210984	19	11100308	923931	914678	rs772188884	NC_000019.10:11100307:G:C	single nucleotide variant	missense variant	Uncertain significance	Sep 23, 2024	criteria provided, multiple submitters, no conflicts	NA	NA	NA	NA	NA	NA
NM_000527.5(LDLR):c.161A>T (p.Asp54Val)	LDLR	D140V, D54V	Familial hypercholesterolemia|Hypercholesterolemia, familial, 1	VCV003073808	19	11210992	19	11100316	3073808	3232678	rs2147210651	NC_000019.10:11100315:A:T	single nucleotide variant	missense variant	Uncertain significance	Feb 25, 2025	criteria provided, multiple submitters, no conflicts	NA	NA	NA	NA	NA	NA
NM_000527.5(LDLR):c.161A>C (p.Asp54Ala)	LDLR	D54A	Familial hypercholesterolemia	VCV001061080	19	11210992	19	11100316	1061080	1051076	rs2147210651	NC_000019.10:11100315:A:C	single nucleotide variant	missense variant	Uncertain significance	Aug 30, 2021	criteria provided, single submitter	NA	NA	NA	NA	NA	NA
NM_000527.5(LDLR):c.169G>C (p.Asp57His)	LDLR	D143H, D57H	Familial hypercholesterolemia	VCV002843693	19	11211000	19	11100324	2843693	3004348	rs879254420	NC_000019.10:11100323:G:C	single nucleotide variant	missense variant	Uncertain significance	Mar 8, 2023	criteria provided, single submitter	NA	NA	NA	NA	NA	NA
NM_000527.5(LDLR):c.169G>A (p.Asp57Asn)	LDLR	D57N	Hypercholesterolemia, familial, 1	VCV000251040	19	11211000	19	11100324	251040	245395	rs879254420	NC_000019.10:11100323:G:A	single nucleotide variant	missense variant	Uncertain significance	Aug 29, 2022	reviewed by expert panel	NA	NA	NA	NA	NA	NA
NM_000527.5(LDLR):c.170A>G (p.Asp57Gly)	LDLR	D57G	Familial hypercholesterolemia	VCV001380181	19	11211001	19	11100325	1380181	1506230	rs1555802310	NC_000019.10:11100324:A:G	single nucleotide variant	missense variant	Uncertain significance	Sep 8, 2021	criteria provided, single submitter	NA	NA	NA	NA	NA	NA
NM_000527.5(LDLR):c.170A>C (p.Asp57Ala)	LDLR	D57A	Hypercholesterolemia, familial, 1	VCV000523722	19	11211001	19	11100325	523722	514376	rs1555802310	NC_000019.10:11100324:A:C	single nucleotide variant	missense variant	Uncertain significance	Aug 29, 2022	reviewed by expert panel	NA	NA	NA	NA	NA	NA
NM_000527.5(LDLR):c.176C>T (p.Ser59Phe)	LDLR	S145F, S59F	Hypercholesterolemia, familial, 1|not provided	VCV002433423	19	11211007	19	11100331	2433423	2413055	rs747297176	NC_000019.10:11100330:C:T	single nucleotide variant	missense variant	Uncertain significance	Apr 21, 2025	criteria provided, multiple submitters, no conflicts	NA	NA	NA	NA	NA	NA
NM_000527.5(LDLR):c.181G>A (p.Glu61Lys)	LDLR	E61K	Familial hypercholesterolemia	VCV001171763	19	11211012	19	11100336	1171763	1161498	rs2077195468	NC_000019.10:11100335:G:A	single nucleotide variant	missense variant	Uncertain significance	Mar 6, 2024	criteria provided, single submitter	NA	NA	NA	NA	NA	NA
NM_000527.5(LDLR):c.185C>G (p.Thr62Arg)	LDLR	T62R	Hypercholesterolemia, familial, 1	VCV000375775	19	11211016	19	11100340	375775	362667	rs376207800	NC_000019.10:11100339:C:G	single nucleotide variant	missense variant	Uncertain significance	Jun 23, 2021	reviewed by expert panel	NA	NA	NA	NA	NA	NA
NM_000527.5(LDLR):c.185C>T (p.Thr62Met)	LDLR	T62M	Hypercholesterolemia, familial, 1	VCV000161273	19	11211016	19	11100340	161273	171196	rs376207800	NC_000019.10:11100339:C:T	single nucleotide variant	missense variant	Uncertain significance	Jun 23, 2021	reviewed by expert panel	NA	NA	NA	NA	NA	NA
NM_000527.5(LDLR):c.188G>T (p.Cys63Phe)	LDLR	C63F	Hypercholesterolemia, familial, 1	VCV000440548	19	11211019	19	11100343	440548	434198	rs879254427	NC_000019.10:11100342:G:T	single nucleotide variant	missense variant	Uncertain significance	Mar 27, 2023	reviewed by expert panel	NA	NA	NA	NA	NA	NA
NM_000527.5(LDLR):c.188G>A (p.Cys63Tyr)	LDLR	C63Y	Hypercholesterolemia, familial, 1	VCV000251047	19	11211019	19	11100343	251047	245402	rs879254427	NC_000019.10:11100342:G:A	single nucleotide variant	missense variant	Uncertain significance	Jun 23, 2023	reviewed by expert panel	NA	NA	NA	NA	NA	NA
NM_000527.5(LDLR):c.197T>C (p.Val66Ala)	LDLR	V152A, V66A	Familial hypercholesterolemia	VCV004758039	19	11213346	19	11102670	4758039	4869372	NA	NC_000019.10:11102669:T:C	single nucleotide variant	missense variant|intron variant	Uncertain significance	Aug 14, 2025	criteria provided, single submitter	NA	NA	NA	NA	NA	NA
NM_000527.5(LDLR):c.200C>T (p.Thr67Ile)	LDLR	T67I	Familial hypercholesterolemia|not specified	VCV000629411	19	11213349	19	11102673	629411	618934	rs1337448484	NC_000019.10:11102672:C:T	single nucleotide variant	missense variant|intron variant	Uncertain significance	Oct 21, 2025	criteria provided, multiple submitters, no conflicts	NA	NA	NA	NA	NA	NA
NM_000527.5(LDLR):c.202T>G (p.Cys68Gly)	LDLR	C68G	Familial hypercholesterolemia	VCV000860036	19	11213351	19	11102675	860036	847197	rs1057519652	NC_000019.10:11102674:T:G	single nucleotide variant	missense variant|intron variant	Uncertain significance	Dec 5, 2022	criteria provided, multiple submitters, no conflicts	NA	NA	NA	NA	NA	NA
NM_000527.5(LDLR):c.203G>T (p.Cys68Phe)	LDLR	C68F	Hypercholesterolemia, familial, 1|Familial hypercholesterolemia	VCV000998055	19	11213352	19	11102676	998055	985780	rs2077229853	NC_000019.10:11102675:G:T	single nucleotide variant	missense variant|intron variant	Uncertain significance	Apr 8, 2021	criteria provided, multiple submitters, no conflicts	NA	NA	NA	NA	NA	NA
NM_000527.5(LDLR):c.211G>A (p.Gly71Arg)	LDLR	G71R	Hypercholesterolemia, familial, 1	VCV000375778	19	11213360	19	11102684	375778	362670	rs766903209	NC_000019.10:11102683:G:A	single nucleotide variant	missense variant|intron variant	Uncertain significance	Mar 24, 2023	reviewed by expert panel	NA	NA	NA	NA	NA	NA
NM_000527.5(LDLR):c.214G>A (p.Asp72Asn)	LDLR	D158N, D72N	Familial hypercholesterolemia|Cardiovascular phenotype	VCV003118261	19	11213363	19	11102687	3118261	3280135	rs760229862	NC_000019.10:11102686:G:A	single nucleotide variant	missense variant|intron variant	Uncertain significance	Oct 8, 2025	criteria provided, multiple submitters, no conflicts	NA	NA	NA	NA	NA	NA
NM_000527.5(LDLR):c.218T>G (p.Phe73Cys)	LDLR	F159C, F73C	Familial hypercholesterolemia	VCV004710495	19	11213367	19	11102691	4710495	4821051	NA	NC_000019.10:11102690:T:G	single nucleotide variant	missense variant|intron variant	Uncertain significance	Nov 3, 2025	criteria provided, single submitter	NA	NA	NA	NA	NA	NA
NM_000527.5(LDLR):c.223T>G (p.Cys75Gly)	LDLR	C161G, C75G	Familial hypercholesterolemia	VCV002061716	19	11213372	19	11102696	2061716	2120864	rs879254439	NC_000019.10:11102695:T:G	single nucleotide variant	missense variant|intron variant	Uncertain significance	Apr 5, 2022	criteria provided, single submitter	NA	NA	NA	NA	NA	NA
NM_000527.5(LDLR):c.226G>C (p.Gly76Arg)	LDLR	G76R	Hypercholesterolemia, familial, 1	VCV001331775	19	11213375	19	11102699	1331775	1322495	rs574337291	NC_000019.10:11102698:G:C	single nucleotide variant	missense variant|intron variant	Uncertain significance	Apr 28, 2023	reviewed by expert panel	NA	NA	NA	NA	NA	NA
NM_000527.5(LDLR):c.226G>T (p.Gly76Trp)	LDLR	G76W	Hypercholesterolemia, familial, 1	VCV000251081	19	11213375	19	11102699	251081	245424	rs574337291	NC_000019.10:11102698:G:T	single nucleotide variant	missense variant|intron variant	Uncertain significance	Apr 28, 2023	reviewed by expert panel	NA	NA	NA	NA	NA	NA
NM_000527.5(LDLR):c.232C>T (p.Arg78Cys)	LDLR	R78C	Hypercholesterolemia, familial, 1	VCV000161289	19	11213381	19	11102705	161289	171197	rs370860696	NC_000019.10:11102704:C:T	single nucleotide variant	missense variant|intron variant	Uncertain significance	Jun 7, 2021	reviewed by expert panel	NA	NA	NA	NA	NA	NA
NM_000527.5(LDLR):c.233G>T (p.Arg78Leu)	LDLR	R164L, R78L	Familial hypercholesterolemia	VCV004813628	19	11213382	19	11102706	4813628	4924792	NA	NC_000019.10:11102705:G:T	single nucleotide variant	missense variant|intron variant	Uncertain significance	Mar 19, 2026	criteria provided, single submitter	NA	NA	NA	NA	NA	NA
NM_000527.5(LDLR):c.233G>A (p.Arg78His)	LDLR	R78H	Hypercholesterolemia, familial, 1	VCV000251085	19	11213382	19	11102706	251085	245428	rs146675823	NC_000019.10:11102705:G:A	single nucleotide variant	missense variant|intron variant	Uncertain significance	Aug 28, 2022	reviewed by expert panel	NA	NA	NA	NA	NA	NA
NM_000527.5(LDLR):c.236T>A (p.Val79Asp)	LDLR	V165D, V79D	Familial hypercholesterolemia	VCV001954544	19	11213385	19	11102709	1954544	2018559	rs2515955683	NC_000019.10:11102708:T:A	single nucleotide variant	missense variant|intron variant	Uncertain significance	Jun 11, 2021	criteria provided, single submitter	NA	NA	NA	NA	NA	NA
NM_000527.5(LDLR):c.239A>G (p.Asn80Ser)	LDLR	N80S	Hypercholesterolemia, familial, 1	VCV000923296	19	11213388	19	11102712	923296	914680	rs1173004910	NC_000019.10:11102711:A:G	single nucleotide variant	missense variant|intron variant	Uncertain significance	Aug 29, 2022	reviewed by expert panel	NA	NA	NA	NA	NA	NA
NM_000527.5(LDLR):c.240C>A (p.Asn80Lys)	LDLR	N80K	Hypercholesterolemia, familial, 1	VCV000251087	19	11213389	19	11102713	251087	245430	rs879254444	NC_000019.10:11102712:C:A	single nucleotide variant	missense variant|intron variant	Uncertain significance	Aug 29, 2022	reviewed by expert panel	NA	NA	NA	NA	NA	NA
NM_000527.5(LDLR):c.241C>A (p.Arg81Ser)	LDLR	R81S	Hypercholesterolemia, familial, 1	VCV000251088	19	11213390	19	11102714	251088	245431	rs730882078	NC_000019.10:11102713:C:A	single nucleotide variant	missense variant|intron variant	Uncertain significance	Apr 28, 2023	reviewed by expert panel	NA	NA	NA	NA	NA	NA
NM_000527.5(LDLR):c.242G>A (p.Arg81His)	LDLR	R81H	Hypercholesterolemia, familial, 1	VCV000924271	19	11213391	19	11102715	924271	914681	rs1299591218	NC_000019.10:11102714:G:A	single nucleotide variant	missense variant|intron variant	Uncertain significance	Apr 28, 2023	reviewed by expert panel	NA	NA	NA	NA	NA	NA
NM_000527.5(LDLR):c.247A>T (p.Ile83Phe)	LDLR	I169F, I83F	Familial hypercholesterolemia	VCV004683170	19	11213396	19	11102720	4683170	4794612	NA	NC_000019.10:11102719:A:T	single nucleotide variant	missense variant|intron variant	Uncertain significance	Jun 3, 2025	criteria provided, single submitter	NA	NA	NA	NA	NA	NA
NM_000527.5(LDLR):c.248T>C (p.Ile83Thr)	LDLR	I83T	Hypercholesterolemia, familial, 1	VCV000440551	19	11213397	19	11102721	440551	434201	rs1555802745	NC_000019.10:11102720:T:C	single nucleotide variant	missense variant|intron variant	Uncertain significance	Dec 11, 2025	reviewed by expert panel	NA	NA	NA	NA	NA	NA
NM_000527.5(LDLR):c.250C>T (p.Pro84Ser)	LDLR	P84S	Hypercholesterolemia, familial, 1	VCV000251094	19	11213399	19	11102723	251094	245437	rs879254449	NC_000019.10:11102722:C:T	single nucleotide variant	missense variant|intron variant	Uncertain significance	Mar 20, 2023	reviewed by expert panel	NA	NA	NA	NA	NA	NA
NM_000527.5(LDLR):c.251C>G (p.Pro84Arg)	LDLR	P84R	Hypercholesterolemia, familial, 1	VCV000251095	19	11213400	19	11102724	251095	245438	rs875989892	NC_000019.10:11102723:C:G	single nucleotide variant	missense variant|intron variant	Uncertain significance	Mar 20, 2023	reviewed by expert panel	NA	NA	NA	NA	NA	NA
NM_000527.5(LDLR):c.251C>T (p.Pro84Leu)	LDLR	P84L	Hypercholesterolemia, familial, 1	VCV000226310	19	11213400	19	11102724	226310	228123	rs875989892	NC_000019.10:11102723:C:T	single nucleotide variant	missense variant|intron variant	Uncertain significance	Mar 20, 2023	reviewed by expert panel	NA	NA	NA	NA	NA	NA
NM_000527.5(LDLR):c.254A>G (p.Gln85Arg)	LDLR	Q171R, Q85R	Hypercholesterolemia, familial, 1	VCV003072729	19	11213403	19	11102727	3072729	3229001	rs2515955847	NC_000019.10:11102726:A:G	single nucleotide variant	missense variant|intron variant	Uncertain significance	Aug 15, 2023	criteria provided, single submitter	NA	NA	NA	NA	NA	NA
NM_000527.5(LDLR):c.255G>T (p.Gln85His)	LDLR	Q85H	Hypercholesterolemia, familial, 1	VCV000251096	19	11213404	19	11102728	251096	245439	rs879254450	NC_000019.10:11102727:G:T	single nucleotide variant	missense variant|intron variant	Uncertain significance	Jun 26, 2023	criteria provided, multiple submitters, no conflicts	NA	NA	NA	NA	NA	NA
NM_000527.5(LDLR):c.259T>C (p.Trp87Arg)	LDLR	W87R	Hypercholesterolemia, familial, 1	VCV000440552	19	11213408	19	11102732	440552	434202	rs121908025	NC_000019.10:11102731:T:C	single nucleotide variant	missense variant|intron variant	Uncertain significance	Dec 13, 2021	reviewed by expert panel	NA	NA	NA	NA	NA	NA
NM_000527.5(LDLR):c.262A>T (p.Arg88Trp)	LDLR	R174W, R88W	not specified	VCV001722356	19	11213411	19	11102735	1722356	1779866	rs200660051	NC_000019.10:11102734:A:T	single nucleotide variant	missense variant|intron variant	Uncertain significance	Sep 18, 2022	criteria provided, single submitter	NA	NA	NA	NA	NA	NA
NM_000527.5(LDLR):c.264G>C (p.Arg88Ser)	LDLR	R88S	Hypercholesterolemia, familial, 1	VCV000251101	19	11213413	19	11102737	251101	245444	rs879254454	NC_000019.10:11102736:G:C	single nucleotide variant	missense variant|intron variant	Uncertain significance	Mar 25, 2016	criteria provided, single submitter	NA	NA	NA	NA	NA	NA
NM_000527.5(LDLR):c.271G>A (p.Gly91Ser)	LDLR	G177S, G91S	Hypercholesterolemia, familial, 1	VCV003075304	19	11213420	19	11102744	3075304	3234955	rs2077232125	NC_000019.10:11102743:G:A	single nucleotide variant	missense variant|intron variant	Uncertain significance	Jan 3, 2024	criteria provided, single submitter	NA	NA	NA	NA	NA	NA
NM_000527.5(LDLR):c.274C>G (p.Gln92Glu)	LDLR	Q92E	Hypercholesterolemia, familial, 1	VCV000251108	19	11213423	19	11102747	251108	245451	rs774467219	NC_000019.10:11102746:C:G	single nucleotide variant	missense variant|intron variant	Uncertain significance	Oct 28, 2022	reviewed by expert panel	NA	NA	NA	NA	NA	NA
NM_000527.5(LDLR):c.286G>A (p.Asp96Asn)	LDLR	D96N	Familial hypercholesterolemia|Hypercholesterolemia, familial, 1|Cardiovascular phenotype	VCV000627786	19	11213435	19	11102759	627786	618936	rs774858755	NC_000019.10:11102758:G:A	single nucleotide variant	missense variant|intron variant	Uncertain significance	Oct 13, 2025	criteria provided, multiple submitters, no conflicts	NA	NA	NA	NA	NA	NA
NM_000527.5(LDLR):c.289A>C (p.Asn97His)	LDLR	N183H, N97H	Familial hypercholesterolemia	VCV003894141	19	11213438	19	11102762	3894141	4010022	NA	NC_000019.10:11102761:A:C	single nucleotide variant	missense variant|intron variant	Uncertain significance	Oct 15, 2024	criteria provided, single submitter	NA	NA	NA	NA	NA	NA
NM_000527.5(LDLR):c.292G>T (p.Gly98Cys)	LDLR	G98C	Hypercholesterolemia, familial, 1	VCV000889190	19	11213441	19	11102765	889190	879827	rs750474121	NC_000019.10:11102764:G:T	single nucleotide variant	missense variant|intron variant	Uncertain significance	Feb 23, 2024	reviewed by expert panel	NA	NA	NA	NA	NA	NA
NM_000527.5(LDLR):c.292G>C (p.Gly98Arg)	LDLR	G98R	Hypercholesterolemia, familial, 1	VCV000251119	19	11213441	19	11102765	251119	245462	rs750474121	NC_000019.10:11102764:G:C	single nucleotide variant	missense variant|intron variant	Uncertain significance	Feb 23, 2024	reviewed by expert panel	NA	NA	NA	NA	NA	NA
NM_000527.5(LDLR):c.292G>A (p.Gly98Ser)	LDLR	G98S	Hypercholesterolemia, familial, 1	VCV000251118	19	11213441	19	11102765	251118	245461	rs750474121	NC_000019.10:11102764:G:A	single nucleotide variant	missense variant|intron variant	Uncertain significance	Feb 23, 2024	reviewed by expert panel	NA	NA	NA	NA	NA	NA
NM_000527.5(LDLR):c.293G>C (p.Gly98Ala)	LDLR	G98A	Hypercholesterolemia, familial, 1	VCV000920443	19	11213442	19	11102766	920443	914682	rs2077232672	NC_000019.10:11102765:G:C	single nucleotide variant	missense variant|intron variant	Uncertain significance	Feb 23, 2024	reviewed by expert panel	NA	NA	NA	NA	NA	NA
NM_000527.5(LDLR):c.300C>G (p.Asp100Glu)	LDLR	D100E	Hypercholesterolemia, familial, 1	VCV000440556	19	11213449	19	11102773	440556	434206	rs766709484	NC_000019.10:11102772:C:G	single nucleotide variant	missense variant|intron variant	Uncertain significance	Apr 28, 2023	reviewed by expert panel	NA	NA	NA	NA	NA	NA
NM_000527.5(LDLR):c.303G>T (p.Glu101Asp)	LDLR	E101D, E187D	Hypercholesterolemia, familial, 1	VCV003073938	19	11213452	19	11102776	3073938	3232808	rs1600705245	NC_000019.10:11102775:G:T	single nucleotide variant	intron variant|missense variant	Uncertain significance	Nov 30, 2023	criteria provided, single submitter	NA	NA	NA	NA	NA	NA
NM_000527.5(LDLR):c.305A>C (p.Gln102Pro)	LDLR	Q102P	Hypercholesterolemia, familial, 1	VCV000251127	19	11213454	19	11102778	251127	245470	rs879254462	NC_000019.10:11102777:A:C	single nucleotide variant	missense variant|intron variant	Uncertain significance	Apr 28, 2023	reviewed by expert panel	NA	NA	NA	NA	NA	NA
NM_000527.5(LDLR):c.308G>T (p.Gly103Val)	LDLR	G103V, G189V	not provided|Hypercholesterolemia, familial, 1	VCV003071625	19	11213457	19	11102781	3071625	3233891	rs1568592197	NC_000019.10:11102780:G:T	single nucleotide variant	missense variant|intron variant	Uncertain significance	May 14, 2025	criteria provided, multiple submitters, no conflicts	NA	NA	NA	NA	NA	NA
NM_000527.5(LDLR):c.313+4A>G	LDLR	K192R	Hypercholesterolemia, familial, 1	VCV004856649	19	11213466	19	11102790	4856649	4967573	NA	NC_000019.10:11102789:A:G	single nucleotide variant	missense variant|intron variant	Uncertain significance	Feb 20, 2025	no assertion criteria provided	NA	NA	NA	NA	NA	NA
NM_000527.5(LDLR):c.314C>T (p.Pro105Leu)	LDLR	P105L, S64F	Hypercholesterolemia, familial, 1	VCV000183084	19	11215896	19	11105220	183084	181223	rs730882079	NC_000019.10:11105219:C:T	single nucleotide variant	missense variant|intron variant	Uncertain significance	Apr 28, 2023	criteria provided, multiple submitters, no conflicts	NA	NA	NA	NA	NA	NA
NM_000527.5(LDLR):c.317C>T (p.Pro106Leu)	LDLR	P106L, P65L	not provided	VCV002663701	19	11215899	19	11105223	2663701	2831148	rs1365623011	NC_000019.10:11105222:C:T	single nucleotide variant	missense variant|intron variant	Uncertain significance	Apr 24, 2023	criteria provided, single submitter	NA	NA	NA	NA	NA	NA
NM_000527.5(LDLR):c.317C>G (p.Pro106Arg)	LDLR	P106R, P65R	Familial hypercholesterolemia	VCV001171519	19	11215899	19	11105223	1171519	1161499	rs1365623011	NC_000019.10:11105222:C:G	single nucleotide variant	missense variant|intron variant	Uncertain significance	Nov 7, 2022	criteria provided, multiple submitters, no conflicts	NA	NA	NA	NA	NA	NA
NM_000527.5(LDLR):c.323C>A (p.Thr108Lys)	LDLR	T108K, T67K	Familial hypercholesterolemia	VCV000841986	19	11215905	19	11105229	841986	847199	rs750126678	NC_000019.10:11105228:C:A	single nucleotide variant	missense variant|intron variant	Uncertain significance	Jul 25, 2024	criteria provided, single submitter	NA	NA	NA	NA	NA	NA
NM_000527.5(LDLR):c.323C>T (p.Thr108Met)	LDLR	T108M, T67M	not specified|Hypercholesterolemia, familial, 1	VCV000251153	19	11215905	19	11105229	251153	245491	rs750126678	NC_000019.10:11105228:C:T	single nucleotide variant	missense variant|intron variant	Uncertain significance	Nov 14, 2025	criteria provided, multiple submitters, no conflicts	NA	NA	NA	NA	NA	NA
NM_000527.5(LDLR):c.336C>A (p.Asp112Glu)	LDLR	D112E, D71E	Hypercholesterolemia, familial, 1	VCV003074560	19	11215918	19	11105242	3074560	3229527	rs747806084	NC_000019.10:11105241:C:A	single nucleotide variant	missense variant|intron variant	Uncertain significance	Nov 20, 2023	criteria provided, single submitter	NA	NA	NA	NA	NA	NA
NM_000527.5(LDLR):c.338A>C (p.Glu113Ala)	LDLR	E113A, E72A	Hypercholesterolemia, familial, 1	VCV004883657	19	11215920	19	11105244	4883657	4994751	NA	NC_000019.10:11105243:A:C	single nucleotide variant	missense variant|intron variant	Uncertain significance	Jan 17, 2026	no assertion criteria provided	NA	NA	NA	NA	NA	NA
NM_000527.5(LDLR):c.340T>A (p.Phe114Ile)	LDLR	F114I, F73I	Cardiovascular phenotype|Hypercholesterolemia, familial, 1|Familial hypercholesterolemia	VCV000889871	19	11215922	19	11105246	889871	879828	rs776716507	NC_000019.10:11105245:T:A	single nucleotide variant	missense variant|intron variant	Uncertain significance	May 29, 2024	criteria provided, multiple submitters, no conflicts	NA	NA	NA	NA	NA	NA
NM_000527.5(LDLR):c.344G>A (p.Arg115His)	LDLR	R115H, R74H	Hypercholesterolemia, familial, 1	VCV000225402	19	11215926	19	11105250	225402	227401	rs201102461	NC_000019.10:11105249:G:A	single nucleotide variant	missense variant|intron variant	Uncertain significance	Jun 7, 2021	reviewed by expert panel	NA	NA	NA	NA	NA	NA
NM_000527.5(LDLR):c.353A>C (p.Asp118Ala)	LDLR	D118A, D77A	Hypercholesterolemia, familial, 1	VCV002582740	19	11215935	19	11105259	2582740	2750312	rs1169080167	NC_000019.10:11105258:A:C	single nucleotide variant	missense variant|intron variant	Uncertain significance	Oct 9, 2023	no assertion criteria provided	NA	NA	NA	NA	NA	NA
NM_000527.5(LDLR):c.364A>C (p.Ile122Leu)	LDLR	I122L, I81L	Cardiovascular phenotype|Familial hypercholesterolemia	VCV002773496	19	11215946	19	11105270	2773496	2934229	rs879254493	NC_000019.10:11105269:A:C	single nucleotide variant	missense variant|intron variant	Uncertain significance	May 5, 2026	criteria provided, multiple submitters, no conflicts	NA	NA	NA	NA	NA	NA
NM_000527.5(LDLR):c.368C>G (p.Ser123Cys)	LDLR	S82C, S123C	Cardiovascular phenotype|Familial hypercholesterolemia	VCV001500739	19	11215950	19	11105274	1500739	1501662	rs2077268470	NC_000019.10:11105273:C:G	single nucleotide variant	missense variant|intron variant	Uncertain significance	Apr 23, 2025	criteria provided, multiple submitters, no conflicts	NA	NA	NA	NA	NA	NA
NM_000527.5(LDLR):c.371G>C (p.Arg124Pro)	LDLR	R124P, R83P	Familial hypercholesterolemia|Hypercholesterolemia, familial, 1	VCV000923607	19	11215953	19	11105277	923607	914685	rs929536329	NC_000019.10:11105276:G:C	single nucleotide variant	missense variant|intron variant	Uncertain significance	Mar 6, 2024	criteria provided, multiple submitters, no conflicts	NA	NA	NA	NA	NA	NA
NM_000527.5(LDLR):c.375G>C (p.Gln125His)	LDLR	Q125H, Q84H	Familial hypercholesterolemia|Hypercholesterolemia, familial, 1	VCV003071112	19	11215957	19	11105281	3071112	3228693	rs2147223505	NC_000019.10:11105280:G:C	single nucleotide variant	missense variant|intron variant	Uncertain significance	May 12, 2025	criteria provided, multiple submitters, no conflicts	NA	NA	NA	NA	NA	NA
NM_000527.5(LDLR):c.379G>A (p.Val127Ile)	LDLR	V127I, V86I	not provided|Cardiovascular phenotype	VCV001327845	19	11215961	19	11105285	1327845	1318464	rs2147223533	NC_000019.10:11105284:G:A	single nucleotide variant	missense variant|intron variant	Uncertain significance	May 21, 2021	criteria provided, multiple submitters, no conflicts	NA	NA	NA	NA	NA	NA
NM_000527.5(LDLR):c.380T>C (p.Val127Ala)	LDLR	V127A, V86A	Familial hypercholesterolemia	VCV002773497	19	11215962	19	11105286	2773497	2934230	rs879254503	NC_000019.10:11105285:T:C	single nucleotide variant	missense variant|intron variant	Uncertain significance	Oct 23, 2025	criteria provided, multiple submitters, no conflicts	NA	NA	NA	NA	NA	NA
NM_000527.5(LDLR):c.382T>A (p.Cys128Ser)	LDLR	C87S, C128S	not provided	VCV003572131	19	11215964	19	11105288	3572131	3731032	NA	NC_000019.10:11105287:T:A	single nucleotide variant	missense variant|intron variant	Uncertain significance	Mar 11, 2024	criteria provided, single submitter	NA	NA	NA	NA	NA	NA
NM_000527.5(LDLR):c.385G>A (p.Asp129Asn)	LDLR	D88N, D129N	Familial hypercholesterolemia	VCV000964338	19	11215967	19	11105291	964338	950644	rs2077269298	NC_000019.10:11105290:G:A	single nucleotide variant	missense variant|intron variant	Uncertain significance	Nov 6, 2019	criteria provided, single submitter	NA	NA	NA	NA	NA	NA
NM_000527.5(LDLR):c.387C>G (p.Asp129Glu)	LDLR	D88E, D129E	Familial hypercholesterolemia	VCV002695703	19	11215969	19	11105293	2695703	2864390	rs2515965366	NC_000019.10:11105292:C:G	single nucleotide variant	missense variant|intron variant	Uncertain significance	Dec 1, 2023	criteria provided, single submitter	NA	NA	NA	NA	NA	NA
NM_000527.5(LDLR):c.391G>A (p.Asp131Asn)	LDLR	D131N, D90N	Familial hypercholesterolemia	VCV004802593	19	11215973	19	11105297	4802593	4919745	NA	NC_000019.10:11105296:G:A	single nucleotide variant	missense variant|intron variant	Uncertain significance	Jan 7, 2026	criteria provided, single submitter	NA	NA	NA	NA	NA	NA
NM_000527.5(LDLR):c.393C>A (p.Asp131Glu)	LDLR	D131E, D90E	not specified	VCV003366329	19	11215975	19	11105299	3366329	3525535	NA	NC_000019.10:11105298:C:A	single nucleotide variant	missense variant|intron variant	Uncertain significance	Aug 12, 2024	criteria provided, single submitter	NA	NA	NA	NA	NA	NA
NM_000527.5(LDLR):c.394C>T (p.Arg132Trp)	LDLR	R132W, R91W	not specified|Familial hypercholesterolemia	VCV001491802	19	11215976	19	11105300	1491802	1342839	rs368978979	NC_000019.10:11105299:C:T	single nucleotide variant	missense variant|intron variant	Uncertain significance	Nov 6, 2025	criteria provided, multiple submitters, no conflicts	NA	NA	NA	NA	NA	NA
NM_000527.5(LDLR):c.394C>G (p.Arg132Gly)	LDLR	R132G, R91G	Familial hypercholesterolemia	VCV001360803	19	11215976	19	11105300	1360803	1360369	rs368978979	NC_000019.10:11105299:C:G	single nucleotide variant	missense variant|intron variant	Uncertain significance	Nov 15, 2022	criteria provided, single submitter	NA	NA	NA	NA	NA	NA
NM_000527.5(LDLR):c.395G>A (p.Arg132Gln)	LDLR	R132Q, R91Q	Familial hypercholesterolemia|Hypercholesterolemia, familial, 1	VCV001171585	19	11215977	19	11105301	1171585	1161500	rs751519676	NC_000019.10:11105300:G:A	single nucleotide variant	missense variant|intron variant	Uncertain significance	Apr 3, 2023	criteria provided, multiple submitters, no conflicts	NA	NA	NA	NA	NA	NA
NM_000527.5(LDLR):c.406G>A (p.Asp136Asn)	LDLR	D95N, D136N	Familial hypercholesterolemia|Cardiovascular phenotype	VCV000923514	19	11215988	19	11105312	923514	914687	rs2077270167	NC_000019.10:11105311:G:A	single nucleotide variant	missense variant|intron variant	Uncertain significance	Mar 11, 2025	criteria provided, multiple submitters, no conflicts	NA	NA	NA	NA	NA	NA
NM_000527.5(LDLR):c.413C>T (p.Ser138Leu)	LDLR	S138L, S97L	LDLR-related disorder	VCV003030249	19	11215995	19	11105319	3030249	3197482	rs755799528	NC_000019.10:11105318:C:T	single nucleotide variant	missense variant|intron variant	Uncertain significance	Oct 28, 2023	no assertion criteria provided	NA	NA	NA	NA	NA	NA
NM_000527.5(LDLR):c.421G>A (p.Ala141Thr)	LDLR	A100T, A141T	Cardiovascular phenotype|Hypercholesterolemia, familial, 1	VCV003071459	19	11216003	19	11105327	3071459	3233725	rs2077270751	NC_000019.10:11105326:G:A	single nucleotide variant	missense variant|intron variant	Uncertain significance	Feb 19, 2026	criteria provided, multiple submitters, no conflicts	NA	NA	NA	NA	NA	NA
NM_000527.5(LDLR):c.425C>T (p.Ser142Phe)	LDLR	S101F, S142F	Familial hypercholesterolemia	VCV001720549	19	11216007	19	11105331	1720549	1776731	rs2515965732	NC_000019.10:11105330:C:T	single nucleotide variant	missense variant|intron variant	Uncertain significance	Jul 7, 2025	criteria provided, multiple submitters, no conflicts	NA	NA	NA	NA	NA	NA
NM_000527.5(LDLR):c.431C>G (p.Pro144Arg)	LDLR	P103R, P144R	Hypercholesterolemia, familial, 1|Familial hypercholesterolemia	VCV002773498	19	11216013	19	11105337	2773498	2934231	rs912448894	NC_000019.10:11105336:C:G	single nucleotide variant	missense variant|intron variant	Uncertain significance	Mar 6, 2024	criteria provided, multiple submitters, no conflicts	NA	NA	NA	NA	NA	NA
NM_000527.5(LDLR):c.431C>T (p.Pro144Leu)	LDLR	P144L, P103L	Familial hypercholesterolemia|not provided|Hypercholesterolemia, familial, 1	VCV000440572	19	11216013	19	11105337	440572	434222	rs912448894	NC_000019.10:11105336:C:T	single nucleotide variant	missense variant|intron variant	Uncertain significance	Nov 22, 2023	criteria provided, multiple submitters, no conflicts	NA	NA	NA	NA	NA	NA
NM_000527.5(LDLR):c.445G>T (p.Gly149Cys)	LDLR	G149C, G108C	Hypercholesterolemia, familial, 1	VCV000251229	19	11216027	19	11105351	251229	245566	rs879254529	NC_000019.10:11105350:G:T	single nucleotide variant	missense variant|intron variant	Uncertain significance	Nov 5, 2016	criteria provided, multiple submitters, no conflicts	NA	NA	NA	NA	NA	NA
NM_000527.5(LDLR):c.449C>G (p.Pro150Arg)	LDLR	P109R, P150R	Familial hypercholesterolemia	VCV004758416	19	11216031	19	11105355	4758416	4869747	NA	NC_000019.10:11105354:C:G	single nucleotide variant	missense variant|intron variant	Uncertain significance	Jun 3, 2025	criteria provided, single submitter	NA	NA	NA	NA	NA	NA
NM_000527.5(LDLR):c.449C>A (p.Pro150His)	LDLR	P150H, P109H	Cardiovascular phenotype|Familial hypercholesterolemia	VCV002773500	19	11216031	19	11105355	2773500	2934233	rs1448648767	NC_000019.10:11105354:C:A	single nucleotide variant	missense variant|intron variant	Uncertain significance	Jul 1, 2024	criteria provided, multiple submitters, no conflicts	NA	NA	NA	NA	NA	NA
NM_000527.5(LDLR):c.451_452delinsCA (p.Ala151His)	LDLR	A110H, A151H	Dyslipidemia	VCV003895385	19	11216033 - 11216034	19	11105357 - 11105358	3895385	4011260	NA	NC_000019.10:11105356:GC:CA	Indel	missense variant|intron variant	Uncertain significance	Apr 9, 2025	criteria provided, single submitter	NA	NA	NA	NA	NA	NA
NM_000527.5(LDLR):c.451G>T (p.Ala151Ser)	LDLR	A110S, A151S	Familial hypercholesterolemia	VCV002742190	19	11216033	19	11105357	2742190	2902962	rs763233960	NC_000019.10:11105356:G:T	single nucleotide variant	missense variant|intron variant	Uncertain significance	Dec 18, 2023	criteria provided, single submitter	NA	NA	NA	NA	NA	NA
NM_000527.5(LDLR):c.454A>G (p.Ser152Gly)	LDLR	S111G, S152G	Familial hypercholesterolemia|Cardiovascular phenotype	VCV001741406	19	11216036	19	11105360	1741406	1794552	rs2515966012	NC_000019.10:11105359:A:G	single nucleotide variant	missense variant|intron variant	Uncertain significance	Jun 29, 2025	criteria provided, multiple submitters, no conflicts	NA	NA	NA	NA	NA	NA
NM_000527.5(LDLR):c.458T>C (p.Phe153Ser)	LDLR	F112S, F153S	Cardiovascular phenotype	VCV004825488	19	11216040	19	11105364	4825488	4939028	NA	NC_000019.10:11105363:T:C	single nucleotide variant	missense variant|intron variant	Uncertain significance	Feb 4, 2026	criteria provided, single submitter	NA	NA	NA	NA	NA	NA
NM_000527.5(LDLR):c.462G>C (p.Gln154His)	LDLR	Q154H, Q113H	Familial hypercholesterolemia	VCV000927935	19	11216044	19	11105368	927935	914690	rs2077272207	NC_000019.10:11105367:G:C	single nucleotide variant	missense variant|intron variant	Uncertain significance	Mar 6, 2024	criteria provided, single submitter	NA	NA	NA	NA	NA	NA
NM_000527.5(LDLR):c.479G>A (p.Cys160Tyr)	LDLR	C160Y, C119Y	Hypercholesterolemia, familial, 1	VCV000251249	19	11216061	19	11105385	251249	245586	rs879254541	NC_000019.10:11105384:G:A	single nucleotide variant	missense variant|intron variant	Uncertain significance	Feb 23, 2024	reviewed by expert panel	NA	NA	NA	NA	NA	NA
NM_000527.5(LDLR):c.484C>T (p.Pro162Ser)	LDLR	P121S, P162S	Cardiovascular phenotype	VCV002453915	19	11216066	19	11105390	2453915	2423806	rs2077273014	NC_000019.10:11105389:C:T	single nucleotide variant	missense variant|intron variant	Uncertain significance	Jan 17, 2023	criteria provided, single submitter	NA	NA	NA	NA	NA	NA
NM_000527.5(LDLR):c.485C>A (p.Pro162His)	LDLR	P162H, P121H	Cardiovascular phenotype	VCV003118264	19	11216067	19	11105391	3118264	3280138	rs879254543	NC_000019.10:11105390:C:A	single nucleotide variant	missense variant|intron variant	Uncertain significance	Oct 12, 2023	criteria provided, single submitter	NA	NA	NA	NA	NA	NA
NM_000527.5(LDLR):c.491T>C (p.Leu164Pro)	LDLR	L164P, L123P	Hypercholesterolemia, familial, 1	VCV000251252	19	11216073	19	11105397	251252	245589	rs879254544	NC_000019.10:11105396:T:C	single nucleotide variant	missense variant|intron variant	Uncertain significance	Feb 23, 2024	reviewed by expert panel	NA	NA	NA	NA	NA	NA
NM_000527.5(LDLR):c.496G>C (p.Ala166Pro)	LDLR	A125P, A166P	Familial hypercholesterolemia	VCV003636899	19	11216078	19	11105402	3636899	3774483	NA	NC_000019.10:11105401:G:C	single nucleotide variant	missense variant|intron variant	Uncertain significance	Mar 4, 2024	criteria provided, single submitter	NA	NA	NA	NA	NA	NA
NM_000527.5(LDLR):c.496G>A (p.Ala166Thr)	LDLR	A166T, A125T	Familial hypercholesterolemia|Hypercholesterolemia, familial, 1	VCV000922076	19	11216078	19	11105402	922076	914692	rs2077273342	NC_000019.10:11105401:G:A	single nucleotide variant	missense variant|intron variant	Uncertain significance	Oct 7, 2020	criteria provided, multiple submitters, no conflicts	NA	NA	NA	NA	NA	NA
NM_000527.5(LDLR):c.497C>T (p.Ala166Val)	LDLR	A125V, A166V	Hypercholesterolemia, familial, 1|Familial hypercholesterolemia	VCV003386980	19	11216079	19	11105403	3386980	3546116	NA	NC_000019.10:11105402:C:T	single nucleotide variant	missense variant|intron variant	Uncertain significance	Feb 22, 2024	criteria provided, multiple submitters, no conflicts	NA	NA	NA	NA	NA	NA
NM_000527.5(LDLR):c.497C>A (p.Ala166Asp)	LDLR	A125D, A166D	Familial hypercholesterolemia	VCV002125460	19	11216079	19	11105403	2125460	2174292	rs2077273378	NC_000019.10:11105402:C:A	single nucleotide variant	missense variant|intron variant	Uncertain significance	Jul 25, 2025	criteria provided, multiple submitters, no conflicts	NA	NA	NA	NA	NA	NA
NM_000527.5(LDLR):c.508G>A (p.Asp170Asn)	LDLR	D170N, D129N	Hypercholesterolemia, familial, 1	VCV000224617	19	11216090	19	11105414	224617	226398	rs139089530	NC_000019.10:11105413:G:A	single nucleotide variant	missense variant|intron variant	Uncertain significance	Mar 4, 2025	reviewed by expert panel	NA	NA	NA	NA	NA	NA
NM_000527.5(LDLR):c.510C>G (p.Asp170Glu)	LDLR	D129E, D170E	Familial hypercholesterolemia	VCV003613803	19	11216092	19	11105416	3613803	3738736	NA	NC_000019.10:11105415:C:G	single nucleotide variant	missense variant|intron variant	Uncertain significance	Jun 5, 2024	criteria provided, single submitter	NA	NA	NA	NA	NA	NA
NM_000527.5(LDLR):c.511C>A (p.Pro171Thr)	LDLR	P171T, P130T	Familial hypercholesterolemia	VCV002043220	19	11216093	19	11105417	2043220	2092081	rs1186727350	NC_000019.10:11105416:C:A	single nucleotide variant	missense variant|intron variant	Uncertain significance	May 12, 2021	criteria provided, single submitter	NA	NA	NA	NA	NA	NA
NM_000527.5(LDLR):c.512C>T (p.Pro171Leu)	LDLR	P130L, P171L	Hypercholesterolemia, familial, 1	VCV003072154	19	11216094	19	11105418	3072154	3232331	rs1266799117	NC_000019.10:11105417:C:T	single nucleotide variant	missense variant|intron variant	Uncertain significance	Jun 26, 2023	criteria provided, single submitter	NA	NA	NA	NA	NA	NA
NM_000527.5(LDLR):c.520G>A (p.Glu174Lys)	LDLR	E133K, E174K	Familial hypercholesterolemia|not specified|Cardiovascular phenotype	VCV001746103	19	11216102	19	11105426	1746103	1799700	rs777326720	NC_000019.10:11105425:G:A	single nucleotide variant	missense variant|intron variant	Uncertain significance	Feb 2, 2026	criteria provided, multiple submitters, no conflicts	NA	NA	NA	NA	NA	NA
NM_000527.5(LDLR):c.536A>C (p.Glu179Ala)	LDLR	E179A, E138A	Familial hypercholesterolemia	VCV002800180	19	11216118	19	11105442	2800180	2952238	rs879254568	NC_000019.10:11105441:A:C	single nucleotide variant	missense variant|intron variant	Uncertain significance	Jun 16, 2023	criteria provided, single submitter	NA	NA	NA	NA	NA	NA
NM_000527.5(LDLR):c.547C>A (p.Arg183Ser)	LDLR	R142S, R183S	Hypercholesterolemia, familial, 1|Familial hypercholesterolemia	VCV000927915	19	11216129	19	11105453	927915	914694	rs757292254	NC_000019.10:11105452:C:A	single nucleotide variant	missense variant|intron variant	Uncertain significance	Mar 6, 2024	criteria provided, multiple submitters, no conflicts	NA	NA	NA	NA	NA	NA
NM_000527.5(LDLR):c.547C>T (p.Arg183Cys)	LDLR	R142C, R183C	Familial hypercholesterolemia|not provided	VCV000920365	19	11216129	19	11105453	920365	914695	rs757292254	NC_000019.10:11105452:C:T	single nucleotide variant	missense variant|intron variant	Uncertain significance	May 14, 2026	criteria provided, multiple submitters, no conflicts	NA	NA	NA	NA	NA	NA
NM_000527.5(LDLR):c.553A>T (p.Arg185Trp)	LDLR	R144W, R185W	Familial hypercholesterolemia|not provided|not specified	VCV001389105	19	11216135	19	11105459	1389105	1476685	rs2147224605	NC_000019.10:11105458:A:T	single nucleotide variant	missense variant|intron variant	Uncertain significance	Jul 21, 2025	criteria provided, multiple submitters, no conflicts	NA	NA	NA	NA	NA	NA
NM_000527.5(LDLR):c.555G>C (p.Arg185Ser)	LDLR	R144S, R185S	Familial hypercholesterolemia	VCV004758484	19	11216137	19	11105461	4758484	4869815	NA	NC_000019.10:11105460:G:C	single nucleotide variant	missense variant|intron variant	Uncertain significance	Aug 25, 2025	criteria provided, single submitter	NA	NA	NA	NA	NA	NA
NM_000527.5(LDLR):c.559C>A (p.Leu187Ile)	LDLR	L146I, L187I	Familial hypercholesterolemia	VCV004753677	19	11216141	19	11105465	4753677	4865885	NA	NC_000019.10:11105464:C:A	single nucleotide variant	missense variant|intron variant	Uncertain significance	Sep 2, 2025	criteria provided, single submitter	NA	NA	NA	NA	NA	NA
NM_000527.5(LDLR):c.562T>G (p.Tyr188Asp)	LDLR	Y147D, Y188D	Familial hypercholesterolemia|not provided|Hypercholesterolemia, familial, 1	VCV002889944	19	11216144	19	11105468	2889944	3051388	rs752684873	NC_000019.10:11105467:T:G	single nucleotide variant	missense variant|intron variant	Uncertain significance	Oct 22, 2025	criteria provided, multiple submitters, no conflicts	NA	NA	NA	NA	NA	NA
NM_000527.5(LDLR):c.566T>G (p.Val189Gly)	LDLR	V148G, V189G	Familial hypercholesterolemia	VCV004069776	19	11216148	19	11105472	4069776	4180212	NA	NC_000019.10:11105471:T:G	single nucleotide variant	missense variant|intron variant	Uncertain significance	Mar 24, 2025	no assertion criteria provided	NA	NA	NA	NA	NA	NA
NM_000527.5(LDLR):c.572A>C (p.Gln191Pro)	LDLR	Q150P, Q191P	Familial hypercholesterolemia|Hypercholesterolemia, familial, 1	VCV001519513	19	11216154	19	11105478	1519513	1434007	rs1423948022	NC_000019.10:11105477:A:C	single nucleotide variant	missense variant|intron variant	Uncertain significance	Dec 1, 2023	criteria provided, multiple submitters, no conflicts	NA	NA	NA	NA	NA	NA
NM_000527.5(LDLR):c.574G>C (p.Gly192Arg)	LDLR	G151R, G192R	Familial hypercholesterolemia|Hypercholesterolemia, familial, 1	VCV000955470	19	11216156	19	11105480	955470	950645	rs2077276377	NC_000019.10:11105479:G:C	single nucleotide variant	missense variant|intron variant	Uncertain significance	Nov 30, 2023	criteria provided, multiple submitters, no conflicts	NA	NA	NA	NA	NA	NA
NM_000527.5(LDLR):c.577G>T (p.Asp193Tyr)	LDLR	D152Y, D193Y	Hypercholesterolemia, familial, 1	VCV003073222	19	11216159	19	11105483	3073222	3234178	rs2515967398	NC_000019.10:11105482:G:T	single nucleotide variant	missense variant|intron variant	Uncertain significance	Aug 28, 2023	criteria provided, single submitter	NA	NA	NA	NA	NA	NA
NM_000527.5(LDLR):c.580A>C (p.Ser194Arg)	LDLR	S153R, S194R	Hypercholesterolemia, familial, 1	VCV004813533	19	11216162	19	11105486	4813533	4924692	NA	NC_000019.10:11105485:A:C	single nucleotide variant	missense variant|intron variant	Uncertain significance	Mar 5, 2026	criteria provided, single submitter	NA	NA	NA	NA	NA	NA
NM_000527.5(LDLR):c.580A>T (p.Ser194Cys)	LDLR	S153C, S194C	Hypercholesterolemia, familial, 1	VCV003386981	19	11216162	19	11105486	3386981	3546117	NA	NC_000019.10:11105485:A:T	single nucleotide variant	missense variant|intron variant	Uncertain significance	Mar 24, 2024	criteria provided, single submitter	NA	NA	NA	NA	NA	NA
NM_000527.5(LDLR):c.580A>G (p.Ser194Gly)	LDLR	S153G, S194G	Familial hypercholesterolemia|Hypercholesterolemia, familial, 1|not provided|not specified	VCV000684865	19	11216162	19	11105486	684865	672448	rs373488885	NC_000019.10:11105485:A:G	single nucleotide variant	missense variant|intron variant	Uncertain significance	Aug 3, 2026	criteria provided, multiple submitters, no conflicts	NA	NA	NA	NA	NA	NA
NM_000527.5(LDLR):c.585C>G (p.Ser195Arg)	LDLR	S154R, S195R	Hypercholesterolemia, familial, 1	VCV003073949	19	11216167	19	11105491	3073949	3232819	rs756880555	NC_000019.10:11105490:C:G	single nucleotide variant	missense variant|intron variant	Uncertain significance	Nov 30, 2023	criteria provided, single submitter	NA	NA	NA	NA	NA	NA
NM_000527.5(LDLR):c.585C>A (p.Ser195Arg)	LDLR	S195R, S154R	Familial hypercholesterolemia	VCV000237874	19	11216167	19	11105491	237874	243271	rs756880555	NC_000019.10:11105490:C:A	single nucleotide variant	missense variant|intron variant	Uncertain significance	Dec 6, 2022	criteria provided, single submitter	NA	NA	NA	NA	NA	NA
NM_000527.5(LDLR):c.587C>T (p.Pro196Leu)	LDLR	P155L, P196L	Familial hypercholesterolemia	VCV004069793	19	11216169	19	11105493	4069793	4180229	NA	NC_000019.10:11105492:C:T	single nucleotide variant	missense variant|intron variant	Uncertain significance	Jan 27, 2025	no assertion criteria provided	NA	NA	NA	NA	NA	NA
NM_000527.5(LDLR):c.593C>G (p.Ser198Trp)	LDLR	S157W, S198W	Hypercholesterolemia, familial, 1	VCV003070395	19	11216175	19	11105499	3070395	3231883	rs748672083	NC_000019.10:11105498:C:G	single nucleotide variant	missense variant|intron variant	Uncertain significance	Apr 10, 2023	criteria provided, single submitter	NA	NA	NA	NA	NA	NA
NM_000527.5(LDLR):c.593C>T (p.Ser198Leu)	LDLR	S157L, S198L	Cardiovascular phenotype|not specified|Familial hypercholesterolemia	VCV000927148	19	11216175	19	11105499	927148	914698	rs748672083	NC_000019.10:11105498:C:T	single nucleotide variant	missense variant|intron variant	Uncertain significance	Jun 3, 2026	criteria provided, multiple submitters, no conflicts	NA	NA	NA	NA	NA	NA
NM_000527.5(LDLR):c.598T>C (p.Phe200Leu)	LDLR	F159L, F200L	Familial hypercholesterolemia	VCV004756891	19	11216180	19	11105504	4756891	4868226	NA	NC_000019.10:11105503:T:C	single nucleotide variant	missense variant|intron variant	Uncertain significance	Jun 23, 2025	criteria provided, single submitter	NA	NA	NA	NA	NA	NA
NM_000527.5(LDLR):c.605T>G (p.Phe202Cys)	LDLR	F202C, F161C	Familial hypercholesterolemia	VCV000646491	19	11216187	19	11105511	646491	647616	rs879254590	NC_000019.10:11105510:T:G	single nucleotide variant	missense variant|intron variant	Uncertain significance	Nov 27, 2018	criteria provided, single submitter	NA	NA	NA	NA	NA	NA
NM_000527.5(LDLR):c.608A>G (p.His203Arg)	LDLR	H162R, H203R	Hypercholesterolemia, familial, 1|Cardiovascular phenotype|Familial hypercholesterolemia	VCV001172111	19	11216190	19	11105514	1172111	1161502	rs774600508	NC_000019.10:11105513:A:G	single nucleotide variant	intron variant|missense variant	Uncertain significance	Sep 17, 2024	criteria provided, multiple submitters, no conflicts	NA	NA	NA	NA	NA	NA
NM_000527.5(LDLR):c.616A>C (p.Ser206Arg)	LDLR	S165R, S206R	Hypercholesterolemia, familial, 1	VCV000869389	19	11216198	19	11105522	869389	857607	rs2077277985	NC_000019.10:11105521:A:C	single nucleotide variant	missense variant|intron variant	Uncertain significance	Jan 5, 2020	criteria provided, single submitter	NA	NA	NA	NA	NA	NA
NM_000527.5(LDLR):c.620G>A (p.Gly207Asp)	LDLR	G166D, G207D	Familial hypercholesterolemia	VCV000923937	19	11216202	19	11105526	923937	914700	rs759737884	NC_000019.10:11105525:G:A	single nucleotide variant	missense variant|intron variant	Uncertain significance	Aug 15, 2019	criteria provided, single submitter	NA	NA	NA	NA	NA	NA
NM_000527.5(LDLR):c.635C>G (p.Ser212Cys)	LDLR	S171C, S212C	Hypercholesterolemia, familial, 1	VCV003070679	19	11216217	19	11105541	3070679	3230436	rs1435097227	NC_000019.10:11105540:C:G	single nucleotide variant	missense variant|intron variant	Uncertain significance	Jun 8, 2023	criteria provided, single submitter	NA	NA	NA	NA	NA	NA
NM_000527.5(LDLR):c.635C>T (p.Ser212Phe)	LDLR	S171F, S212F	Familial hypercholesterolemia|Cardiovascular phenotype	VCV001171032	19	11216217	19	11105541	1171032	1161503	rs1435097227	NC_000019.10:11105540:C:T	single nucleotide variant	missense variant|intron variant	Uncertain significance	Aug 13, 2025	criteria provided, multiple submitters, no conflicts	NA	NA	NA	NA	NA	NA
NM_000527.5(LDLR):c.638G>T (p.Ser213Ile)	LDLR	S172I, S213I	not specified	VCV003768947	19	11216220	19	11105544	3768947	3885101	NA	NC_000019.10:11105543:G:T	single nucleotide variant	missense variant|intron variant	Uncertain significance	Feb 19, 2025	criteria provided, single submitter	NA	NA	NA	NA	NA	NA
NM_000527.5(LDLR):c.639C>G (p.Ser213Arg)	LDLR	S172R, S213R	Familial hypercholesterolemia	VCV000926960	19	11216221	19	11105545	926960	914702	rs760616999	NC_000019.10:11105544:C:G	single nucleotide variant	missense variant|intron variant	Uncertain significance	Mar 6, 2024	criteria provided, multiple submitters, no conflicts	NA	NA	NA	NA	NA	NA
NM_000527.5(LDLR):c.640T>C (p.Trp214Arg)	LDLR	W214R, W173R	Familial hypercholesterolemia	VCV000810850	19	11216222	19	11105546	810850	799096	rs1600711159	NC_000019.10:11105545:T:C	single nucleotide variant	missense variant|intron variant	Uncertain significance	Aug 30, 2021	criteria provided, single submitter	NA	NA	NA	NA	NA	NA
NM_000527.5(LDLR):c.643C>T (p.Arg215Cys)	LDLR	R215C, R174C	Cardiovascular phenotype|Familial hypercholesterolemia|Hypercholesterolemia, familial, 1	VCV000440587	19	11216225	19	11105549	440587	434237	rs764042910	NC_000019.10:11105548:C:T	single nucleotide variant	missense variant|intron variant	Uncertain significance	Dec 3, 2024	criteria provided, multiple submitters, no conflicts	NA	NA	NA	NA	NA	NA
NM_000527.5(LDLR):c.644G>T (p.Arg215Leu)	LDLR	R174L, R215L	not specified	VCV001684853	19	11216226	19	11105550	1684853	1676878	rs753319170	NC_000019.10:11105549:G:T	single nucleotide variant	missense variant|intron variant	Uncertain significance	May 4, 2022	criteria provided, single submitter	NA	NA	NA	NA	NA	NA
NM_000527.5(LDLR):c.650A>T (p.Asp217Val)	LDLR	D176V, D217V	Familial hypercholesterolemia	VCV001471442	19	11216232	19	11105556	1471442	1488513	rs2077279531	NC_000019.10:11105555:A:T	single nucleotide variant	missense variant|intron variant	Uncertain significance	Oct 24, 2021	criteria provided, single submitter	NA	NA	NA	NA	NA	NA
NM_000527.5(LDLR):c.650A>G (p.Asp217Gly)	LDLR	D217G, D176G	Familial hypercholesterolemia	VCV000928026	19	11216232	19	11105556	928026	914703	rs2077279531	NC_000019.10:11105555:A:G	single nucleotide variant	missense variant|intron variant	Uncertain significance	Dec 31, 2021	criteria provided, multiple submitters, no conflicts	NA	NA	NA	NA	NA	NA
NM_000527.5(LDLR):c.653G>C (p.Gly218Ala)	LDLR	G177A, G218A	Hypercholesterolemia, familial, 1|not provided	VCV003069497	19	11216235	19	11105559	3069497	3230123	rs1330385327	NC_000019.10:11105558:G:C	single nucleotide variant	missense variant|intron variant	Uncertain significance	Apr 6, 2025	criteria provided, multiple submitters, no conflicts	NA	NA	NA	NA	NA	NA
NM_000527.5(LDLR):c.655G>T (p.Gly219Cys)	LDLR	G178C, G219C	Familial hypercholesterolemia	VCV003690522	19	11216237	19	11105561	3690522	3831199	NA	NC_000019.10:11105560:G:T	single nucleotide variant	missense variant|intron variant	Uncertain significance	Aug 7, 2024	criteria provided, single submitter	NA	NA	NA	NA	NA	NA
NM_000527.5(LDLR):c.658C>G (p.Pro220Ala)	LDLR	P179A, P220A	not provided|Familial hypercholesterolemia	VCV003343213	19	11216240	19	11105564	3343213	3502445	NA	NC_000019.10:11105563:C:G	single nucleotide variant	missense variant|intron variant	Uncertain significance	Nov 12, 2025	criteria provided, multiple submitters, no conflicts	NA	NA	NA	NA	NA	NA
NM_000527.5(LDLR):c.658C>T (p.Pro220Ser)	LDLR	P220S, P179S	Familial hypercholesterolemia|Hypercholesterolemia, familial, 1	VCV000925031	19	11216240	19	11105564	925031	914704	rs2077280086	NC_000019.10:11105563:C:T	single nucleotide variant	missense variant|intron variant	Uncertain significance	Mar 6, 2024	criteria provided, multiple submitters, no conflicts	NA	NA	NA	NA	NA	NA
NM_000527.5(LDLR):c.659C>T (p.Pro220Leu)	LDLR	P179L, P220L	not provided|not specified|Familial hypercholesterolemia	VCV003768437	19	11216241	19	11105565	3768437	3884597	NA	NC_000019.10:11105564:C:T	single nucleotide variant	missense variant|intron variant	Uncertain significance	Jul 7, 2025	criteria provided, multiple submitters, no conflicts	NA	NA	NA	NA	NA	NA
NM_000527.5(LDLR):c.663C>G (p.Asp221Glu)	LDLR	D221E, D180E	Familial hypercholesterolemia	VCV000922184	19	11216245	19	11105569	922184	914705	rs2077280675	NC_000019.10:11105568:C:G	single nucleotide variant	missense variant|intron variant	Uncertain significance	Nov 30, 2018	criteria provided, single submitter	NA	NA	NA	NA	NA	NA
NM_000527.5(LDLR):c.673_675inv (p.Lys225Phe)	LDLR	K184F, K225F	Familial hypercholesterolemia	VCV002125439	19	11216255 - 11216257	19	11105579 - 11105581	2125439	2174271	NA	NC_000019.10:11105578:AAA:TTT	Inversion	missense variant|intron variant	Uncertain significance	Apr 12, 2022	criteria provided, single submitter	NA	NA	NA	NA	NA	NA
NM_000527.5(LDLR):c.676_677delinsAA (p.Ser226Asn)	LDLR	S185N, S226N	Familial hypercholesterolemia	VCV001386964	19	11216258 - 11216259	19	11105582 - 11105583	1386964	1381329	rs2147225692	NC_000019.10:11105581:TC:AA	Indel	missense variant|intron variant	Uncertain significance	Oct 14, 2021	criteria provided, single submitter	NA	NA	NA	NA	NA	NA
NM_000527.5(LDLR):c.677C>A (p.Ser226Tyr)	LDLR	S185Y, S226Y	not specified	VCV004848502	19	11216259	19	11105583	4848502	4959559	NA	NC_000019.10:11105582:C:A	single nucleotide variant	missense variant|intron variant	Uncertain significance	Apr 16, 2026	criteria provided, single submitter	NA	NA	NA	NA	NA	NA
NM_000527.5(LDLR):c.685G>A (p.Glu229Lys)	LDLR	E188K, E229K	Hypercholesterolemia, familial, 1	VCV003071186	19	11216267	19	11105591	3071186	3228767	rs2515969112	NC_000019.10:11105590:G:A	single nucleotide variant	missense variant|intron variant	Uncertain significance	May 31, 2023	criteria provided, single submitter	NA	NA	NA	NA	NA	NA
NM_000527.5(LDLR):c.688A>G (p.Asn230Asp)	LDLR	N189D, N230D	Hypercholesterolemia, familial, 1|Familial hypercholesterolemia	VCV000924371	19	11216270	19	11105594	924371	914707	rs1266776177	NC_000019.10:11105593:A:G	single nucleotide variant	missense variant|intron variant	Uncertain significance	Jul 22, 2025	criteria provided, multiple submitters, no conflicts	NA	NA	NA	NA	NA	NA
NM_000527.5(LDLR):c.689A>T (p.Asn230Ile)	LDLR	N230I, N189I	Hypercholesterolemia, familial, 1|Familial hypercholesterolemia	VCV000922158	19	11216271	19	11105595	922158	914708	rs2077283326	NC_000019.10:11105594:A:T	single nucleotide variant	missense variant|intron variant	Uncertain significance	Sep 19, 2025	criteria provided, multiple submitters, no conflicts	NA	NA	NA	NA	NA	NA
NM_000527.5(LDLR):c.694G>A (p.Ala232Thr)	LDLR	A191T, A232T	Cardiovascular phenotype|Familial hypercholesterolemia|Hypercholesterolemia, familial, 1|not specified	VCV000919463	19	11216276	19	11105600	919463	914709	rs72658857	NC_000019.10:11105599:G:A	single nucleotide variant	missense variant|intron variant	Uncertain significance	May 27, 2026	criteria provided, multiple submitters, no conflicts	NA	NA	NA	NA	NA	NA
NM_000527.5(LDLR):c.694G>T (p.Ala232Ser)	LDLR	A191S, A232S	Familial hypercholesterolemia|Hypercholesterolemia, familial, 1	VCV000689347	19	11216276	19	11105600	689347	676939	rs72658857	NC_000019.10:11105599:G:T	single nucleotide variant	missense variant|intron variant	Uncertain significance	Aug 31, 2021	criteria provided, multiple submitters, no conflicts	NA	NA	NA	NA	NA	NA
NM_000527.5(LDLR):c.706T>A (p.Cys236Ser)	LDLR	C236S, C109S, C195S	Hypercholesterolemia, familial, 1|Familial hypercholesterolemia	VCV000441192	19	11217252	19	11106576	441192	434830	rs879254655	NC_000019.10:11106575:T:A	single nucleotide variant	missense variant|intron variant	Uncertain significance	Nov 23, 2021	criteria provided, multiple submitters, no conflicts	NA	NA	NA	NA	NA	NA
NM_000527.5(LDLR):c.709C>T (p.Arg237Cys)	LDLR	R237C, R110C, R196C	Hypercholesterolemia, familial, 1	VCV000251421	19	11217255	19	11106579	251421	245757	rs879254657	NC_000019.10:11106578:C:T	single nucleotide variant	missense variant|intron variant	Uncertain significance	Apr 30, 2022	reviewed by expert panel	NA	NA	NA	NA	NA	NA
NM_000527.5(LDLR):c.710G>A (p.Arg237His)	LDLR	R237H, R196H, R110H	Hypercholesterolemia, familial, 1	VCV000375798	19	11217256	19	11106580	375798	362690	rs148171426	NC_000019.10:11106579:G:A	single nucleotide variant	missense variant|intron variant	Uncertain significance	Apr 29, 2022	reviewed by expert panel	NA	NA	NA	NA	NA	NA
NM_000527.5(LDLR):c.712C>T (p.Pro238Ser)	LDLR	P111S, P197S, P238S	Hypercholesterolemia, familial, 1	VCV003073000	19	11217258	19	11106582	3073000	3229271	rs376963526	NC_000019.10:11106581:C:T	single nucleotide variant	missense variant|intron variant	Uncertain significance	Mar 5, 2024	criteria provided, single submitter	NA	NA	NA	NA	NA	NA
NM_000527.5(LDLR):c.712C>G (p.Pro238Ala)	LDLR	P238A, P197A, P111A	Cardiovascular phenotype|Familial hypercholesterolemia	VCV000630880	19	11217258	19	11106582	630880	618939	rs376963526	NC_000019.10:11106581:C:G	single nucleotide variant	missense variant|intron variant	Uncertain significance	May 3, 2026	criteria provided, multiple submitters, no conflicts	NA	NA	NA	NA	NA	NA
NM_000527.5(LDLR):c.715G>A (p.Asp239Asn)	LDLR	D239N, D198N, D112N	Familial hypercholesterolemia	VCV001980849	19	11217261	19	11106585	1980849	2038720	rs2515973081	NC_000019.10:11106584:G:A	single nucleotide variant	missense variant|intron variant	Uncertain significance	Jul 28, 2022	criteria provided, single submitter	NA	NA	NA	NA	NA	NA
NM_000527.5(LDLR):c.722T>G (p.Phe241Cys)	LDLR	F241C, F200C, F114C	Hypercholesterolemia, familial, 1	VCV000440598	19	11217268	19	11106592	440598	434248	rs748131256	NC_000019.10:11106591:T:G	single nucleotide variant	missense variant|intron variant	Uncertain significance	Aug 6, 2024	criteria provided, single submitter	NA	NA	NA	NA	NA	NA
NM_000527.5(LDLR):c.731C>G (p.Ser244Cys)	LDLR	S244C, S117C, S203C	Hypercholesterolemia, familial, 1	VCV000440599	19	11217277	19	11106601	440599	434249	rs1208667598	NC_000019.10:11106600:C:G	single nucleotide variant	missense variant|intron variant	Uncertain significance	Apr 28, 2023	reviewed by expert panel	NA	NA	NA	NA	NA	NA
NM_000527.5(LDLR):c.737G>T (p.Gly246Val)	LDLR	G246V, G119V, G205V	Hypercholesterolemia, familial, 1	VCV000440600	19	11217283	19	11106607	440600	434250	rs879254661	NC_000019.10:11106606:G:T	single nucleotide variant	missense variant|intron variant	Uncertain significance	Apr 1, 2023	reviewed by expert panel	NA	NA	NA	NA	NA	NA
NM_000527.5(LDLR):c.737G>A (p.Gly246Glu)	LDLR	G246E, G205E, G119E	Hypercholesterolemia, familial, 1	VCV000251427	19	11217283	19	11106607	251427	245762	rs879254661	NC_000019.10:11106606:G:A	single nucleotide variant	missense variant|intron variant	Uncertain significance	Mar 20, 2023	reviewed by expert panel	NA	NA	NA	NA	NA	NA
NM_000527.5(LDLR):c.740A>G (p.Asn247Ser)	LDLR	N120S, N206S, N247S	Familial hypercholesterolemia	VCV003894359	19	11217286	19	11106610	3894359	4010239	NA	NC_000019.10:11106609:A:G	single nucleotide variant	missense variant|intron variant	Uncertain significance	Mar 6, 2024	criteria provided, single submitter	NA	NA	NA	NA	NA	NA
NM_000527.5(LDLR):c.741C>G (p.Asn247Lys)	LDLR	N120K, N206K, N247K	Hypercholesterolemia, familial, 1	VCV003073748	19	11217287	19	11106611	3073748	3232618	rs2515973224	NC_000019.10:11106610:C:G	single nucleotide variant	missense variant|intron variant	Uncertain significance	Oct 6, 2023	criteria provided, single submitter	NA	NA	NA	NA	NA	NA
NM_000527.5(LDLR):c.747C>G (p.Ile249Met)	LDLR	I122M, I208M, I249M	not specified	VCV004689731	19	11217293	19	11106617	4689731	4801188	NA	NC_000019.10:11106616:C:G	single nucleotide variant	missense variant|intron variant	Uncertain significance	Jan 26, 2026	criteria provided, single submitter	NA	NA	NA	NA	NA	NA
NM_000527.5(LDLR):c.749A>G (p.His250Arg)	LDLR	H123R, H209R, H250R	not specified	VCV003336487	19	11217295	19	11106619	3336487	3495164	NA	NC_000019.10:11106618:A:G	single nucleotide variant	missense variant|intron variant	Uncertain significance	May 20, 2024	criteria provided, single submitter	NA	NA	NA	NA	NA	NA
NM_000527.5(LDLR):c.750T>A (p.His250Gln)	LDLR	H209Q, H123Q, H250Q	Familial hypercholesterolemia|Hypercholesterolemia, familial, 1	VCV000857983	19	11217296	19	11106620	857983	847205	rs141929940	NC_000019.10:11106619:T:A	single nucleotide variant	missense variant|intron variant	Uncertain significance	Jul 13, 2023	criteria provided, multiple submitters, no conflicts	NA	NA	NA	NA	NA	NA
NM_000527.5(LDLR):c.752G>A (p.Gly251Asp)	LDLR	G124D, G210D, G251D	Familial hypercholesterolemia|Hypercholesterolemia, familial, 1	VCV002773504	19	11217298	19	11106622	2773504	2934237	rs2077299288	NC_000019.10:11106621:G:A	single nucleotide variant	missense variant|intron variant	Uncertain significance	Mar 7, 2024	criteria provided, multiple submitters, no conflicts	NA	NA	NA	NA	NA	NA
NM_000527.5(LDLR):c.756C>G (p.Ser252Arg)	LDLR	S125R, S211R, S252R	not provided	VCV004883621	19	11217302	19	11106626	4883621	4994715	NA	NC_000019.10:11106625:C:G	single nucleotide variant	missense variant|intron variant	Uncertain significance	Sep 30, 2024	no assertion criteria provided	NA	NA	NA	NA	NA	NA
NM_000527.5(LDLR):c.757C>G (p.Arg253Gly)	LDLR	R126G, R212G, R253G	Familial hypercholesterolemia	VCV004758987	19	11217303	19	11106627	4758987	4870315	NA	NC_000019.10:11106626:C:G	single nucleotide variant	missense variant|intron variant	Uncertain significance	Jul 28, 2025	criteria provided, single submitter	NA	NA	NA	NA	NA	NA
NM_000527.5(LDLR):c.757C>T (p.Arg253Trp)	LDLR	R253W, R126W, R212W	Hypercholesterolemia, familial, 1	VCV000161261	19	11217303	19	11106627	161261	171200	rs150673992	NC_000019.10:11106626:C:T	single nucleotide variant	missense variant|intron variant	Uncertain significance	Jun 7, 2021	reviewed by expert panel	NA	NA	NA	NA	NA	NA
NM_000527.5(LDLR):c.758G>A (p.Arg253Gln)	LDLR	R126Q, R212Q, R253Q	Hypercholesterolemia, familial, 1	VCV000843407	19	11217304	19	11106628	843407	847206	rs139507589	NC_000019.10:11106627:G:A	single nucleotide variant	missense variant|intron variant	Uncertain significance	Apr 22, 2022	reviewed by expert panel	NA	NA	NA	NA	NA	NA
NM_000527.5(LDLR):c.758G>C (p.Arg253Pro)	LDLR	R253P, R212P, R126P	Hypercholesterolemia, familial, 1	VCV000251435	19	11217304	19	11106628	251435	245771	rs139507589	NC_000019.10:11106627:G:C	single nucleotide variant	missense variant|intron variant	Uncertain significance	Apr 22, 2022	reviewed by expert panel	NA	NA	NA	NA	NA	NA
NM_000527.5(LDLR):c.770G>A (p.Arg257Gln)	LDLR	R216Q, R257Q, R130Q	Hypercholesterolemia, familial, 1	VCV000927149	19	11217316	19	11106640	927149	914713	rs757808215	NC_000019.10:11106639:G:A	single nucleotide variant	missense variant|intron variant	Uncertain significance	Aug 29, 2022	reviewed by expert panel	NA	NA	NA	NA	NA	NA
NM_000527.5(LDLR):c.770G>C (p.Arg257Pro)	LDLR	R257P, R130P, R216P	Hypercholesterolemia, familial, 1	VCV000440602	19	11217316	19	11106640	440602	434252	rs757808215	NC_000019.10:11106639:G:C	single nucleotide variant	missense variant|intron variant	Uncertain significance	Aug 29, 2022	reviewed by expert panel	NA	NA	NA	NA	NA	NA
NM_000527.5(LDLR):c.770G>T (p.Arg257Leu)	LDLR	R257L, R130L, R216L	Hypercholesterolemia, familial, 1	VCV000251447	19	11217316	19	11106640	251447	245783	rs757808215	NC_000019.10:11106639:G:T	single nucleotide variant	missense variant|intron variant	Uncertain significance	Aug 29, 2022	reviewed by expert panel	NA	NA	NA	NA	NA	NA
NM_000527.5(LDLR):c.770_771delinsAC (p.Arg257His)	LDLR	R216H, R257H, R130H	Hypercholesterolemia, familial, 1	VCV000183094	19	11217316 - 11217317	19	11106640 - 11106641	183094	181235	rs730882087	NC_000019.10:11106639:GG:AC	Indel	missense variant|intron variant	Uncertain significance	Aug 26, 2022	reviewed by expert panel	NA	NA	NA	NA	NA	NA
NM_000527.5(LDLR):c.776A>G (p.Tyr259Cys)	LDLR	Y218C, Y132C, Y259C	Familial hypercholesterolemia	VCV003709145	19	11217322	19	11106646	3709145	3843453	NA	NC_000019.10:11106645:A:G	single nucleotide variant	missense variant|intron variant	Uncertain significance	Feb 23, 2024	criteria provided, single submitter	NA	NA	NA	NA	NA	NA
NM_000527.5(LDLR):c.776A>C (p.Tyr259Ser)	LDLR	Y218S, Y259S, Y132S	Familial hypercholesterolemia	VCV000924423	19	11217322	19	11106646	924423	914714	rs2077300176	NC_000019.10:11106645:A:C	single nucleotide variant	missense variant|intron variant	Uncertain significance	Apr 27, 2020	criteria provided, single submitter	NA	NA	NA	NA	NA	NA
NM_000527.5(LDLR):c.779A>G (p.Asp260Gly)	LDLR	D133G, D219G, D260G	not specified	VCV000977714	19	11217325	19	11106649	977714	965866	rs2077300243	NC_000019.10:11106648:A:G	single nucleotide variant	missense variant|intron variant	Uncertain significance	Aug 31, 2020	criteria provided, single submitter	NA	NA	NA	NA	NA	NA
NM_000527.5(LDLR):c.780C>G (p.Asp260Glu)	LDLR	D133E, D219E, D260E	Hypercholesterolemia, familial, 1	VCV004856383	19	11217326	19	11106650	4856383	4967308	NA	NC_000019.10:11106649:C:G	single nucleotide variant	missense variant|intron variant	Uncertain significance	Aug 22, 2025	criteria provided, single submitter	NA	NA	NA	NA	NA	NA
NM_000527.5(LDLR):c.787G>A (p.Asp263Asn)	LDLR	D136N, D222N, D263N	Hypercholesterolemia, familial, 1	VCV003386983	19	11217333	19	11106657	3386983	3546118	NA	NC_000019.10:11106656:G:A	single nucleotide variant	missense variant|intron variant	Uncertain significance	May 30, 2024	criteria provided, single submitter	NA	NA	NA	NA	NA	NA
NM_000527.5(LDLR):c.790A>C (p.Met264Leu)	LDLR	M264L, M137L, M223L	Familial hypercholesterolemia|Hypercholesterolemia, familial, 1	VCV000183095	19	11217336	19	11106660	183095	181236	rs730882088	NC_000019.10:11106659:A:C	single nucleotide variant	missense variant|intron variant	Uncertain significance	Jun 24, 2025	criteria provided, multiple submitters, no conflicts	NA	NA	NA	NA	NA	NA
NM_000527.5(LDLR):c.791T>C (p.Met264Thr)	LDLR	M137T, M223T, M264T	Familial hypercholesterolemia	VCV004802596	19	11217337	19	11106661	4802596	4919748	NA	NC_000019.10:11106660:T:C	single nucleotide variant	missense variant|intron variant	Uncertain significance	Mar 30, 2025	criteria provided, single submitter	NA	NA	NA	NA	NA	NA
NM_000527.5(LDLR):c.792G>A (p.Met264Ile)	LDLR	M223I, M137I, M264I	not provided|Familial hypercholesterolemia	VCV000927471	19	11217338	19	11106662	927471	914715	rs1200173530	NC_000019.10:11106661:G:A	single nucleotide variant	missense variant|intron variant	Uncertain significance	Dec 6, 2023	criteria provided, multiple submitters, no conflicts	NA	NA	NA	NA	NA	NA
NM_000527.5(LDLR):c.802G>T (p.Val268Phe)	LDLR	V141F, V227F, V268F	Familial hypercholesterolemia	VCV004756346	19	11217348	19	11106672	4756346	4867684	NA	NC_000019.10:11106671:G:T	single nucleotide variant	missense variant|intron variant	Uncertain significance	Dec 8, 2025	criteria provided, single submitter	NA	NA	NA	NA	NA	NA
NM_000527.5(LDLR):c.802G>A (p.Val268Ile)	LDLR	V227I, V268I, V141I	Familial hypercholesterolemia	VCV002740309	19	11217348	19	11106672	2740309	2906249	rs781061095	NC_000019.10:11106671:G:A	single nucleotide variant	missense variant|intron variant	Uncertain significance	Sep 10, 2023	criteria provided, single submitter	NA	NA	NA	NA	NA	NA
NM_000527.5(LDLR):c.803T>G (p.Val268Gly)	LDLR	V141G, V227G, V268G	Familial hypercholesterolemia	VCV004758529	19	11217349	19	11106673	4758529	4869859	NA	NC_000019.10:11106672:T:G	single nucleotide variant	missense variant|intron variant	Uncertain significance	Jun 10, 2025	criteria provided, single submitter	NA	NA	NA	NA	NA	NA
NM_000527.5(LDLR):c.803T>C (p.Val268Ala)	LDLR	V141A, V227A, V268A	Familial hypercholesterolemia	VCV004705331	19	11217349	19	11106673	4705331	4818686	NA	NC_000019.10:11106672:T:C	single nucleotide variant	missense variant|intron variant	Uncertain significance	Dec 2, 2025	criteria provided, single submitter	NA	NA	NA	NA	NA	NA
NM_000527.5(LDLR):c.805G>A (p.Gly269Ser)	LDLR	G269S, G142S, G228S	Hypercholesterolemia, familial, 1	VCV000430763	19	11217351	19	11106675	430763	424309	rs1131692200	NC_000019.10:11106674:G:A	single nucleotide variant	missense variant|intron variant	Uncertain significance	Dec 13, 2021	reviewed by expert panel	NA	NA	NA	NA	NA	NA
NM_000527.5(LDLR):c.811G>A (p.Val271Ile)	LDLR	V271I, V144I, V230I	Hypercholesterolemia, familial, 1	VCV000189297	19	11217357	19	11106681	189297	187194	rs749220643	NC_000019.10:11106680:G:A	single nucleotide variant	missense variant|intron variant	Uncertain significance	Jun 23, 2023	reviewed by expert panel	NA	NA	NA	NA	NA	NA
NM_000527.5(LDLR):c.815A>C (p.Asn272Thr)	LDLR	N272T, N145T, N231T	Familial hypercholesterolemia|not provided|Hypercholesterolemia, familial, 1	VCV000251468	19	11217361	19	11106685	251468	245804	rs202213054	NC_000019.10:11106684:A:C	single nucleotide variant	missense variant|intron variant	Uncertain significance	Aug 5, 2024	criteria provided, multiple submitters, no conflicts	NA	NA	NA	NA	NA	NA
NM_000527.5(LDLR):c.816T>A (p.Asn272Lys)	LDLR	N231K, N272K, N145K	not provided|Familial hypercholesterolemia	VCV003681971	19	11217362	19	11106686	3681971	3808115	NA	NC_000019.10:11106685:T:A	single nucleotide variant	missense variant|intron variant	Uncertain significance	Dec 16, 2024	criteria provided, multiple submitters, no conflicts	NA	NA	NA	NA	NA	NA
NM_000527.5(LDLR):c.818T>G (p.Val273Gly)	LDLR	L105R, V146G, V232G, V273G	Familial hypercholesterolemia|Hypercholesterolemia, familial, 1	VCV003069244	19	11218068	19	11107392	3069244	3229871	rs372446127	NC_000019.10:11107391:T:G	single nucleotide variant	missense variant	Uncertain significance	Nov 5, 2025	criteria provided, multiple submitters, no conflicts	NA	NA	NA	NA	NA	NA
NM_000527.5(LDLR):c.821C>A (p.Thr274Lys)	LDLR	T106K, T147K, T233K, T274K	Cardiovascular phenotype	VCV004859177	19	11218071	19	11107395	4859177	4972728	NA	NC_000019.10:11107394:C:A	single nucleotide variant	missense variant	Uncertain significance	Mar 26, 2026	criteria provided, single submitter	NA	NA	NA	NA	NA	NA
NM_000527.5(LDLR):c.831G>C (p.Glu277Asp)	LDLR	E109D, E150D, E236D, E277D	Hypercholesterolemia, familial, 1	VCV003072589	19	11218081	19	11107405	3072589	3231030	rs770937716	NC_000019.10:11107404:G:C	single nucleotide variant	missense variant	Uncertain significance	Aug 8, 2023	criteria provided, single submitter	NA	NA	NA	NA	NA	NA
NM_000527.5(LDLR):c.833G>A (p.Gly278Glu)	LDLR	G110E, G151E, G237E, G278E	Hypercholesterolemia, familial, 1	VCV003072246	19	11218083	19	11107407	3072246	3232423	rs2515977272	NC_000019.10:11107406:G:A	single nucleotide variant	missense variant	Uncertain significance	Jun 26, 2023	criteria provided, single submitter	NA	NA	NA	NA	NA	NA
NM_000527.5(LDLR):c.835C>T (p.Pro279Ser)	LDLR	P279S, P111S, P152S, P238S	Hypercholesterolemia, familial, 1	VCV000441195	19	11218085	19	11107409	441195	434832	rs1555803827	NC_000019.10:11107408:C:T	single nucleotide variant	missense variant	Uncertain significance	Jun 26, 2023	criteria provided, multiple submitters, no conflicts	NA	NA	NA	NA	NA	NA
NM_000527.5(LDLR):c.836C>G (p.Pro279Arg)	LDLR	P111R, P152R, P238R, P279R	Hypercholesterolemia, familial, 1	VCV003072630	19	11218086	19	11107410	3072630	3231071	rs868219211	NC_000019.10:11107409:C:G	single nucleotide variant	missense variant	Uncertain significance	Aug 15, 2023	criteria provided, single submitter	NA	NA	NA	NA	NA	NA
NM_000527.5(LDLR):c.844T>C (p.Phe282Leu)	LDLR	F114L, F155L, F241L, F282L	Hypercholesterolemia, familial, 1	VCV000977996	19	11218094	19	11107418	977996	966115	rs2077311809	NC_000019.10:11107417:T:C	single nucleotide variant	missense variant	Uncertain significance	Apr 28, 2023	reviewed by expert panel	NA	NA	NA	NA	NA	NA
NM_000527.5(LDLR):c.845T>A (p.Phe282Tyr)	LDLR	F114Y, F155Y, F241Y, F282Y	Cardiovascular phenotype	VCV001763461	19	11218095	19	11107419	1763461	1824185	rs2077311848	NC_000019.10:11107418:T:A	single nucleotide variant	missense variant	Uncertain significance	Dec 3, 2018	criteria provided, single submitter	NA	NA	NA	NA	NA	NA
NM_000527.5(LDLR):c.845T>C (p.Phe282Ser)	LDLR	F241S, F282S, F114S, F155S	Hypercholesterolemia, familial, 1	VCV001466547	19	11218095	19	11107419	1466547	1347905	rs2077311848	NC_000019.10:11107418:T:C	single nucleotide variant	missense variant	Uncertain significance	Apr 28, 2023	reviewed by expert panel	NA	NA	NA	NA	NA	NA
NM_000527.5(LDLR):c.845T>G (p.Phe282Cys)	LDLR	F114C, F155C, F241C, F282C	Hypercholesterolemia, familial, 1	VCV000977997	19	11218095	19	11107419	977997	966116	rs2077311848	NC_000019.10:11107418:T:G	single nucleotide variant	missense variant	Uncertain significance	Apr 28, 2023	reviewed by expert panel	NA	NA	NA	NA	NA	NA
NM_000527.5(LDLR):c.848A>C (p.Lys283Thr)	LDLR	K115T, K283T, K156T, K242T	Familial hypercholesterolemia	VCV002847441	19	11218098	19	11107422	2847441	3012361	rs2515977396	NC_000019.10:11107421:A:C	single nucleotide variant	missense variant	Uncertain significance	Mar 19, 2023	criteria provided, single submitter	NA	NA	NA	NA	NA	NA
NM_000527.5(LDLR):c.850T>A (p.Cys284Ser)	LDLR	C284S, C157S, C116S, C243S	Hypercholesterolemia, familial, 1	VCV000251483	19	11218100	19	11107424	251483	245816	rs879254693	NC_000019.10:11107423:T:A	single nucleotide variant	missense variant	Uncertain significance	Mar 25, 2016	criteria provided, single submitter	NA	NA	NA	NA	NA	NA
NM_000527.5(LDLR):c.851G>C (p.Cys284Ser)	LDLR	C284S, C116S, C157S, C243S	Hypercholesterolemia, familial, 1	VCV000251486	19	11218101	19	11107425	251486	245819	rs879254694	NC_000019.10:11107424:G:C	single nucleotide variant	missense variant	Uncertain significance	Mar 25, 2016	criteria provided, single submitter	NA	NA	NA	NA	NA	NA
NM_000527.5(LDLR):c.853C>T (p.His285Tyr)	LDLR	H285Y, H158Y, H117Y, H244Y	Hypercholesterolemia, familial, 1	VCV000183099	19	11218103	19	11107427	183099	181240	rs730882091	NC_000019.10:11107426:C:T	single nucleotide variant	missense variant	Uncertain significance	Mar 24, 2023	reviewed by expert panel	NA	NA	NA	NA	NA	NA
NM_000527.5(LDLR):c.854A>G (p.His285Arg)	LDLR	H285R, H117R, H244R, H158R	Hypercholesterolemia, familial, 1	VCV000450684	19	11218104	19	11107428	450684	446029	rs1555803855	NC_000019.10:11107427:A:G	single nucleotide variant	missense variant	Uncertain significance	Mar 24, 2023	reviewed by expert panel	NA	NA	NA	NA	NA	NA
NM_000527.5(LDLR):c.855C>A (p.His285Gln)	LDLR	H285Q, H244Q, H117Q, H158Q	Hypercholesterolemia, familial, 1	VCV000251487	19	11218105	19	11107429	251487	245820	rs879254695	NC_000019.10:11107428:C:A	single nucleotide variant	missense variant	Uncertain significance	Mar 24, 2023	reviewed by expert panel	NA	NA	NA	NA	NA	NA
NM_000527.5(LDLR):c.859G>A (p.Gly287Ser)	LDLR	G287S, G160S, G246S, G119S	Hypercholesterolemia, familial, 1	VCV000161280	19	11218109	19	11107433	161280	171203	rs375495026	NC_000019.10:11107432:G:A	single nucleotide variant	missense variant	Uncertain significance	Apr 28, 2023	reviewed by expert panel	NA	NA	NA	NA	NA	NA
NM_000527.5(LDLR):c.866G>A (p.Cys289Tyr)	LDLR	C289Y, C121Y, C248Y, C162Y	Hypercholesterolemia, familial, 1	VCV000441196	19	11218116	19	11107440	441196	434833	rs1555803865	NC_000019.10:11107439:G:A	single nucleotide variant	missense variant	Uncertain significance	Mar 1, 2016	criteria provided, single submitter	NA	NA	NA	NA	NA	NA
NM_000527.5(LDLR):c.871A>C (p.Thr291Pro)	LDLR	T291P, T164P, T250P, T123P	Familial hypercholesterolemia|not specified|Hypercholesterolemia, familial, 1	VCV000431515	19	11218121	19	11107445	431515	425030	rs766754788	NC_000019.10:11107444:A:C	single nucleotide variant	missense variant	Uncertain significance	May 1, 2024	criteria provided, multiple submitters, no conflicts	NA	NA	NA	NA	NA	NA
NM_000527.5(LDLR):c.872C>T (p.Thr291Ile)	LDLR	T123I, T164I, T250I, T291I	Familial hypercholesterolemia	VCV004797330	19	11218122	19	11107446	4797330	4918379	NA	NC_000019.10:11107445:C:T	single nucleotide variant	missense variant	Uncertain significance	Jun 16, 2025	criteria provided, single submitter	NA	NA	NA	NA	NA	NA
NM_000527.5(LDLR):c.881A>C (p.Lys294Thr)	LDLR	K126T, K167T, K253T, K294T	Familial hypercholesterolemia	VCV004802597	19	11218131	19	11107455	4802597	4919749	NA	NC_000019.10:11107454:A:C	single nucleotide variant	missense variant	Uncertain significance	Mar 6, 2025	criteria provided, single submitter	NA	NA	NA	NA	NA	NA
NM_000527.5(LDLR):c.884T>C (p.Val295Ala)	LDLR	V127A, V168A, V254A, V295A	Familial hypercholesterolemia	VCV004756290	19	11218134	19	11107458	4756290	4867628	NA	NC_000019.10:11107457:T:C	single nucleotide variant	missense variant	Uncertain significance	Aug 30, 2025	criteria provided, single submitter	NA	NA	NA	NA	NA	NA
NM_000527.5(LDLR):c.884T>G (p.Val295Gly)	LDLR	V295G, V127G, V168G, V254G	Cardiovascular phenotype	VCV001764881	19	11218134	19	11107458	1764881	1814702	rs2515977670	NC_000019.10:11107457:T:G	single nucleotide variant	missense variant	Uncertain significance	Jan 14, 2026	criteria provided, single submitter	NA	NA	NA	NA	NA	NA
NM_000527.5(LDLR):c.889A>C (p.Asn297His)	LDLR	N297H, N129H, N170H, N256H	Hypercholesterolemia, familial, 1	VCV000251505	19	11218139	19	11107463	251505	245838	rs879254709	NC_000019.10:11107462:A:C	single nucleotide variant	missense variant	Uncertain significance	Feb 28, 2022	reviewed by expert panel	NA	NA	NA	NA	NA	NA
NM_000527.5(LDLR):c.890A>G (p.Asn297Ser)	LDLR	N297S, N129S, N170S, N256S	Hypercholesterolemia, familial, 1	VCV000441198	19	11218140	19	11107464	441198	434835	rs1555803887	NC_000019.10:11107463:A:G	single nucleotide variant	missense variant	Uncertain significance	Feb 14, 2022	reviewed by expert panel	NA	NA	NA	NA	NA	NA
NM_000527.5(LDLR):c.890A>C (p.Asn297Thr)	LDLR	N297T, N170T, N129T, N256T	Hypercholesterolemia, familial, 1	VCV000441197	19	11218140	19	11107464	441197	434834	rs1555803887	NC_000019.10:11107463:A:C	single nucleotide variant	missense variant	Uncertain significance	Feb 14, 2022	reviewed by expert panel	NA	NA	NA	NA	NA	NA
NM_000527.5(LDLR):c.892A>G (p.Met298Val)	LDLR	M298V, M171V, M130V, M257V	Cardiovascular phenotype|Hypercholesterolemia, familial, 1	VCV000183100	19	11218142	19	11107466	183100	181241	rs730882092	NC_000019.10:11107465:A:G	single nucleotide variant	missense variant	Uncertain significance	Nov 30, 2023	criteria provided, multiple submitters, no conflicts	NA	NA	NA	NA	NA	NA
NM_000527.5(LDLR):c.893T>C (p.Met298Thr)	LDLR	M298T, M130T, M257T, M171T	Familial hypercholesterolemia	VCV002773505	19	11218143	19	11107467	2773505	2934238	rs2515977784	NC_000019.10:11107466:T:C	single nucleotide variant	missense variant	Uncertain significance	Mar 6, 2024	criteria provided, single submitter	NA	NA	NA	NA	NA	NA
NM_000527.5(LDLR):c.894G>A (p.Met298Ile)	LDLR	M130I, M257I, M171I, M298I	Familial hypercholesterolemia	VCV003636901	19	11218144	19	11107468	3636901	3774485	NA	NC_000019.10:11107467:G:A	single nucleotide variant	missense variant	Uncertain significance	Mar 14, 2024	criteria provided, single submitter	NA	NA	NA	NA	NA	NA
NM_000527.5(LDLR):c.895G>T (p.Ala299Ser)	LDLR	A299S, A131S, A172S, A258S	Hypercholesterolemia, familial, 1	VCV000251508	19	11218145	19	11107469	251508	245841	rs879254711	NC_000019.10:11107468:G:T	single nucleotide variant	missense variant	Uncertain significance	Feb 10, 2022	reviewed by expert panel	NA	NA	NA	NA	NA	NA
NM_000527.5(LDLR):c.895G>A (p.Ala299Thr)	LDLR	A299T, A131T, A172T, A258T	Hypercholesterolemia, familial, 1	VCV000251507	19	11218145	19	11107469	251507	245840	rs879254711	NC_000019.10:11107468:G:A	single nucleotide variant	missense variant	Uncertain significance	Feb 10, 2022	reviewed by expert panel	NA	NA	NA	NA	NA	NA
NM_000527.5(LDLR):c.899G>C (p.Arg300Thr)	LDLR	R132T, R173T, R259T, R300T	Familial hypercholesterolemia|not provided	VCV002682003	19	11218149	19	11107473	2682003	2843036	rs2077313724	NC_000019.10:11107472:G:C	single nucleotide variant	missense variant	Uncertain significance	Jun 26, 2024	criteria provided, multiple submitters, no conflicts	NA	NA	NA	NA	NA	NA
NM_000527.5(LDLR):c.899G>A (p.Arg300Lys)	LDLR	R173K, R300K, R132K, R259K	Hypercholesterolemia, familial, 1	VCV000924646	19	11218149	19	11107473	924646	914719	rs2077313724	NC_000019.10:11107472:G:A	single nucleotide variant	missense variant	Uncertain significance	Oct 28, 2022	reviewed by expert panel	NA	NA	NA	NA	NA	NA
NM_000527.5(LDLR):c.904T>A (p.Cys302Ser)	LDLR	C134S, C175S, C261S, C302S	Familial hypercholesterolemia	VCV004757287	19	11218154	19	11107478	4757287	4868621	NA	NC_000019.10:11107477:T:A	single nucleotide variant	missense variant	Uncertain significance	Jun 25, 2025	criteria provided, single submitter	NA	NA	NA	NA	NA	NA
NM_000527.5(LDLR):c.904T>G (p.Cys302Gly)	LDLR	C175G, C261G, C134G, C302G	Familial hypercholesterolemia	VCV000652560	19	11218154	19	11107478	652560	647618	rs1555803891	NC_000019.10:11107477:T:G	single nucleotide variant	missense variant	Uncertain significance	Dec 4, 2018	criteria provided, single submitter	NA	NA	NA	NA	NA	NA
NM_000527.5(LDLR):c.904T>C (p.Cys302Arg)	LDLR	C302R, C175R, C134R, C261R	Hypercholesterolemia, familial, 1	VCV000440611	19	11218154	19	11107478	440611	434262	rs1555803891	NC_000019.10:11107477:T:C	single nucleotide variant	missense variant	Uncertain significance	Jun 23, 2023	reviewed by expert panel	NA	NA	NA	NA	NA	NA
NM_000527.5(LDLR):c.907C>T (p.Arg303Trp)	LDLR	R303W, R176W, R135W, R262W	Hypercholesterolemia, familial, 1	VCV000161281	19	11218157	19	11107481	161281	171205	rs151207122	NC_000019.10:11107480:C:T	single nucleotide variant	missense variant	Uncertain significance	Jun 8, 2021	reviewed by expert panel	NA	NA	NA	NA	NA	NA
NM_000527.5(LDLR):c.908G>A (p.Arg303Gln)	LDLR	R303Q, R135Q, R176Q, R262Q	Hypercholesterolemia, familial, 1	VCV000183101	19	11218158	19	11107482	183101	181242	rs730882093	NC_000019.10:11107481:G:A	single nucleotide variant	missense variant	Uncertain significance	Jan 19, 2022	reviewed by expert panel	NA	NA	NA	NA	NA	NA
NM_000527.5(LDLR):c.910G>C (p.Asp304His)	LDLR	D304H, D136H, D177H, D263H	Hypercholesterolemia, familial, 1	VCV000440612	19	11218160	19	11107484	440612	434263	rs121908030	NC_000019.10:11107483:G:C	single nucleotide variant	missense variant	Uncertain significance	Nov 11, 2021	reviewed by expert panel	NA	NA	NA	NA	NA	NA
NM_000527.5(LDLR):c.911A>T (p.Asp304Val)	LDLR	D304V, D263V, D136V, D177V	Hypercholesterolemia, familial, 1	VCV000440613	19	11218161	19	11107485	440613	434264	rs1555803898	NC_000019.10:11107484:A:T	single nucleotide variant	missense variant	Uncertain significance	Mar 18, 2022	reviewed by expert panel	NA	NA	NA	NA	NA	NA
NM_000527.5(LDLR):c.914G>C (p.Trp305Ser)	LDLR	W305S, W137S, W264S, W178S	Hypercholesterolemia, familial, 1	VCV000251519	19	11218164	19	11107488	251519	245852	rs879254717	NC_000019.10:11107487:G:C	single nucleotide variant	missense variant	Uncertain significance	Apr 28, 2023	reviewed by expert panel	NA	NA	NA	NA	NA	NA
NM_000527.5(LDLR):c.915G>T (p.Trp305Cys)	LDLR	W305C, W137C, W264C, W178C	Hypercholesterolemia, familial, 1	VCV001437514	19	11218165	19	11107489	1437514	1514130	rs757252110	NC_000019.10:11107488:G:T	single nucleotide variant	missense variant	Uncertain significance	Apr 28, 2023	reviewed by expert panel	NA	NA	NA	NA	NA	NA
NM_000527.5(LDLR):c.915G>C (p.Trp305Cys)	LDLR	W305C, W264C, W137C, W178C	Hypercholesterolemia, familial, 1	VCV000251521	19	11218165	19	11107489	251521	245854	rs757252110	NC_000019.10:11107488:G:C	single nucleotide variant	missense variant	Uncertain significance	Apr 28, 2023	reviewed by expert panel	NA	NA	NA	NA	NA	NA
NM_000527.5(LDLR):c.919G>T (p.Asp307Tyr)	LDLR	D307Y, D266Y, D139Y, D180Y	Hypercholesterolemia, familial, 1	VCV000441199	19	11218169	19	11107493	441199	434836	rs879254719	NC_000019.10:11107492:G:T	single nucleotide variant	missense variant	Uncertain significance	Mar 1, 2016	criteria provided, single submitter	NA	NA	NA	NA	NA	NA
NM_000527.5(LDLR):c.928A>T (p.Ile310Phe)	LDLR	I142F, I183F, I269F, I310F	Familial hypercholesterolemia|Hypercholesterolemia, familial, 1	VCV002773506	19	11218178	19	11107502	2773506	2934239	rs778757530	NC_000019.10:11107501:A:T	single nucleotide variant	missense variant	Uncertain significance	Jun 24, 2025	criteria provided, multiple submitters, no conflicts	NA	NA	NA	NA	NA	NA
NM_000527.5(LDLR):c.929T>A (p.Ile310Asn)	LDLR	I310N, I142N, I183N, I269N	Familial hypercholesterolemia	VCV000630875	19	11218179	19	11107503	630875	618941	rs879254722	NC_000019.10:11107502:T:A	single nucleotide variant	missense variant	Uncertain significance	Jul 15, 2024	criteria provided, multiple submitters, no conflicts	NA	NA	NA	NA	NA	NA
NM_000527.5(LDLR):c.932A>G (p.Lys311Arg)	LDLR	K311R, K143R, K270R, K184R	Hypercholesterolemia, familial, 1	VCV000251532	19	11218182	19	11107506	251532	245864	rs761765254	NC_000019.10:11107505:A:G	single nucleotide variant	missense variant	Uncertain significance	Jan 17, 2022	reviewed by expert panel	NA	NA	NA	NA	NA	NA
NM_000527.5(LDLR):c.932A>C (p.Lys311Thr)	LDLR	K311T, K184T, K143T, K270T	Hypercholesterolemia, familial, 1	VCV000251531	19	11218182	19	11107506	251531	245863	rs761765254	NC_000019.10:11107505:A:C	single nucleotide variant	missense variant	Uncertain significance	Jan 14, 2022	reviewed by expert panel	NA	NA	NA	NA	NA	NA
NM_000527.5(LDLR):c.934G>A (p.Glu312Lys)	LDLR	E185K, E144K, E312K, E271K	Familial hypercholesterolemia	VCV003703713	19	11218184	19	11107508	3703713	3845793	NA	NC_000019.10:11107507:G:A	single nucleotide variant	missense variant	Uncertain significance	Apr 8, 2025	criteria provided, single submitter	NA	NA	NA	NA	NA	NA
NM_000527.5(LDLR):c.935A>G (p.Glu312Gly)	LDLR	E312G, E144G, E185G, E271G	not provided|Familial hypercholesterolemia	VCV002918484	19	11218185	19	11107509	2918484	3080603	rs1380197577	NC_000019.10:11107508:A:G	single nucleotide variant	missense variant	Uncertain significance	Oct 14, 2024	criteria provided, multiple submitters, no conflicts	NA	NA	NA	NA	NA	NA
NM_000527.5(LDLR):c.936G>T (p.Glu312Asp)	LDLR	E271D, E312D, E144D, E185D	Familial hypercholesterolemia	VCV000919009	19	11218186	19	11107510	919009	914721	rs2077315472	NC_000019.10:11107509:G:T	single nucleotide variant	missense variant	Uncertain significance	Dec 5, 2023	criteria provided, single submitter	NA	NA	NA	NA	NA	NA
NM_000527.5(LDLR):c.938G>C (p.Cys313Ser)	LDLR	C145S, C186S, C272S, C313S	Hypercholesterolemia, familial, 1	VCV003340081	19	11218188	19	11107512	3340081	3499342	NA	NC_000019.10:11107511:G:C	single nucleotide variant	missense variant	Uncertain significance	Jan 1, 2023	no assertion criteria provided	NA	NA	NA	NA	NA	NA
NM_000527.5(LDLR):c.940G>T (p.Gly314Trp)	LDLR	G146W, G187W, G273W, G314W	Hypercholesterolemia, familial, 1	VCV003073101	19	11218190	19	11107514	3073101	3229371	rs72658858	NC_000019.10:11107513:G:T	single nucleotide variant	missense variant	Uncertain significance	Aug 23, 2023	criteria provided, single submitter	NA	NA	NA	NA	NA	NA
NM_000527.5(LDLR):c.941G>A (p.Gly314Glu)	LDLR	G273E, G314E, G146E, G187E	Familial hypercholesterolemia	VCV004761932	19	11221328	19	11110652	4761932	4881691	NA	NC_000019.10:11110651:G:A	single nucleotide variant	missense variant	Uncertain significance	May 11, 2025	criteria provided, single submitter	NA	NA	NA	NA	NA	NA
NM_000527.5(LDLR):c.944C>T (p.Thr315Ile)	LDLR	T188I, T147I, T274I, T315I	Familial hypercholesterolemia	VCV000919863	19	11221331	19	11110655	919863	914722	rs2077360211	NC_000019.10:11110654:C:T	single nucleotide variant	missense variant	Uncertain significance	Mar 6, 2024	criteria provided, single submitter	NA	NA	NA	NA	NA	NA
NM_000527.5(LDLR):c.949G>A (p.Glu317Lys)	LDLR	E317K, E190K, E276K, E149K	Hypercholesterolemia, familial, 1	VCV000251567	19	11221336	19	11110660	251567	245891	rs746834464	NC_000019.10:11110659:G:A	single nucleotide variant	missense variant	Uncertain significance	Mar 25, 2025	reviewed by expert panel	NA	NA	NA	NA	NA	NA
NM_000527.5(LDLR):c.956T>C (p.Leu319Ser)	LDLR	L151S, L192S, L278S, L319S	Hypercholesterolemia, familial, 1	VCV003386984	19	11221343	19	11110667	3386984	3546119	NA	NC_000019.10:11110666:T:C	single nucleotide variant	missense variant	Uncertain significance	Jul 20, 2024	criteria provided, single submitter	NA	NA	NA	NA	NA	NA
NM_000527.5(LDLR):c.960C>G (p.Asp320Glu)	LDLR	D152E, D193E, D279E, D320E	not specified	VCV004536105	19	11221347	19	11110671	4536105	4647596	NA	NC_000019.10:11110670:C:G	single nucleotide variant	missense variant	Uncertain significance	Sep 20, 2025	criteria provided, single submitter	NA	NA	NA	NA	NA	NA
NM_000527.5(LDLR):c.962A>G (p.Asn321Ser)	LDLR	N194S, N321S, N153S, N280S	not specified|Familial hypercholesterolemia	VCV000925986	19	11221349	19	11110673	925986	914724	rs2077360926	NC_000019.10:11110672:A:G	single nucleotide variant	missense variant	Uncertain significance	Feb 3, 2025	criteria provided, multiple submitters, no conflicts	NA	NA	NA	NA	NA	NA
NM_000527.5(LDLR):c.967G>C (p.Gly323Arg)	LDLR	G155R, G196R, G282R, G323R	Cardiovascular phenotype	VCV001767775	19	11221354	19	11110678	1767775	1818426	rs373869746	NC_000019.10:11110677:G:C	single nucleotide variant	missense variant	Uncertain significance	Jan 15, 2026	criteria provided, single submitter	NA	NA	NA	NA	NA	NA
NM_000527.5(LDLR):c.967G>A (p.Gly323Ser)	LDLR	G323S, G155S, G196S, G282S	Hypercholesterolemia, familial, 1	VCV000161282	19	11221354	19	11110678	161282	171206	rs373869746	NC_000019.10:11110677:G:A	single nucleotide variant	missense variant	Uncertain significance	Jun 8, 2021	reviewed by expert panel	NA	NA	NA	NA	NA	NA
NM_000527.5(LDLR):c.970G>T (p.Gly324Cys)	LDLR	G283C, G324C, G156C, G197C	Hypercholesterolemia, familial, 1	VCV000920048	19	11221357	19	11110681	920048	914726	rs72658860	NC_000019.10:11110680:G:T	single nucleotide variant	missense variant	Uncertain significance	Feb 9, 2022	reviewed by expert panel	NA	NA	NA	NA	NA	NA
NM_000527.5(LDLR):c.971G>T (p.Gly324Val)	LDLR	G156V, G197V, G283V, G324V	Hypercholesterolemia, familial, 1	VCV003068595	19	11221358	19	11110682	3068595	3227922	rs2515990140	NC_000019.10:11110681:G:T	single nucleotide variant	missense variant	Uncertain significance	Mar 30, 2023	criteria provided, single submitter	NA	NA	NA	NA	NA	NA
NM_000527.5(LDLR):c.976T>C (p.Ser326Pro)	LDLR	S158P, S199P, S285P, S326P	Hypercholesterolemia, familial, 1	VCV000998053	19	11221363	19	11110687	998053	985781	rs2077361498	NC_000019.10:11110686:T:C	single nucleotide variant	missense variant	Uncertain significance	Feb 14, 2022	reviewed by expert panel	NA	NA	NA	NA	NA	NA
NM_000527.5(LDLR):c.979C>T (p.His327Tyr)	LDLR	H327Y, H159Y, H200Y, H286Y	Hypercholesterolemia, familial, 1	VCV000251583	19	11221366	19	11110690	251583	245907	rs747507019	NC_000019.10:11110689:C:T	single nucleotide variant	missense variant	Uncertain significance	Jul 22, 2022	reviewed by expert panel	NA	NA	NA	NA	NA	NA
NM_000527.5(LDLR):c.980A>C (p.His327Pro)	LDLR	H200P, H327P, H159P, H286P	Hypercholesterolemia, familial, 1	VCV000918325	19	11221367	19	11110691	918325	914728	rs2077361686	NC_000019.10:11110690:A:C	single nucleotide variant	missense variant	Uncertain significance	Apr 28, 2023	reviewed by expert panel	NA	NA	NA	NA	NA	NA
NM_000527.5(LDLR):c.981C>A (p.His327Gln)	LDLR	H327Q, H159Q, H200Q, H286Q	Hypercholesterolemia, familial, 1	VCV000403665	19	11221368	19	11110692	403665	390615	rs1060499933	NC_000019.10:11110691:C:A	single nucleotide variant	missense variant	Uncertain significance	Apr 28, 2023	reviewed by expert panel	NA	NA	NA	NA	NA	NA
NM_000527.5(LDLR):c.988A>G (p.Asn330Asp)	LDLR	N162D, N203D, N289D, N330D	Familial hypercholesterolemia	VCV001171111	19	11221375	19	11110699	1171111	1161505	rs730882095	NC_000019.10:11110698:A:G	single nucleotide variant	missense variant	Uncertain significance	Mar 6, 2024	criteria provided, single submitter	NA	NA	NA	NA	NA	NA
NM_000527.5(LDLR):c.988A>C (p.Asn330His)	LDLR	N330H, N162H, N289H, N203H	Familial hypercholesterolemia|Hypercholesterolemia, familial, 1	VCV000183104	19	11221375	19	11110699	183104	181245	rs730882095	NC_000019.10:11110698:A:C	single nucleotide variant	missense variant	Uncertain significance	Mar 24, 2025	criteria provided, multiple submitters, no conflicts	NA	NA	NA	NA	NA	NA
NM_000527.5(LDLR):c.990T>A (p.Asn330Lys)	LDLR	N330K, N162K, N203K, N289K	Familial hypercholesterolemia	VCV000628058	19	11221377	19	11110701	628058	618945	rs1568600400	NC_000019.10:11110700:T:A	single nucleotide variant	missense variant	Uncertain significance	Aug 29, 2024	criteria provided, single submitter	NA	NA	NA	NA	NA	NA
NM_000527.5(LDLR):c.998A>C (p.Lys333Thr)	LDLR	K165T, K206T, K292T, K333T	Familial hypercholesterolemia	VCV004069772	19	11221385	19	11110709	4069772	4180208	NA	NC_000019.10:11110708:A:C	single nucleotide variant	missense variant	Uncertain significance	Apr 10, 2025	no assertion criteria provided	NA	NA	NA	NA	NA	NA
NM_000527.5(LDLR):c.1000A>T (p.Ile334Phe)	LDLR	I166F, I207F, I293F, I334F	Familial hypercholesterolemia	VCV004756291	19	11221387	19	11110711	4756291	4867629	NA	NC_000019.10:11110710:A:T	single nucleotide variant	missense variant	Uncertain significance	Sep 1, 2025	criteria provided, single submitter	NA	NA	NA	NA	NA	NA
NM_000527.5(LDLR):c.1003G>C (p.Gly335Arg)	LDLR	G294R, G167R, G208R, G335R	Hypercholesterolemia, familial, 1	VCV000926520	19	11221390	19	11110714	926520	914729	rs544453230	NC_000019.10:11110713:G:C	single nucleotide variant	missense variant	Uncertain significance	Apr 28, 2023	reviewed by expert panel	NA	NA	NA	NA	NA	NA
NM_000527.5(LDLR):c.1004G>T (p.Gly335Val)	LDLR	G335V, G167V, G208V, G294V	Hypercholesterolemia, familial, 1	VCV000251587	19	11221391	19	11110715	251587	245911	rs869320650	NC_000019.10:11110714:G:T	single nucleotide variant	missense variant	Uncertain significance	Apr 28, 2023	reviewed by expert panel	NA	NA	NA	NA	NA	NA
NM_000527.5(LDLR):c.1004G>A (p.Gly335Asp)	LDLR	G335D, G167D, G208D, G294D	Hypercholesterolemia, familial, 1	VCV000225181	19	11221391	19	11110715	225181	227096	rs869320650	NC_000019.10:11110714:G:A	single nucleotide variant	missense variant	Uncertain significance	Apr 28, 2023	reviewed by expert panel	NA	NA	NA	NA	NA	NA
NM_000527.5(LDLR):c.1006T>G (p.Tyr336Asp)	LDLR	Y168D, Y295D, Y209D, Y336D	Cardiovascular phenotype|Familial hypercholesterolemia	VCV000942931	19	11221393	19	11110717	942931	938558	rs759398558	NC_000019.10:11110716:T:G	single nucleotide variant	missense variant	Uncertain significance	May 8, 2025	criteria provided, multiple submitters, no conflicts	NA	NA	NA	NA	NA	NA
NM_000527.5(LDLR):c.1011G>T (p.Glu337Asp)	LDLR	E169D, E210D, E296D, E337D	Hypercholesterolemia, familial, 1	VCV003075220	19	11221398	19	11110722	3075220	3234871	rs1280496169	NC_000019.10:11110721:G:T	single nucleotide variant	missense variant	Uncertain significance	Jan 11, 2024	criteria provided, single submitter	NA	NA	NA	NA	NA	NA
NM_000527.5(LDLR):c.1024G>C (p.Asp342His)	LDLR	D174H, D215H, D301H, D342H	Hypercholesterolemia, familial, 1	VCV003073453	19	11221411	19	11110735	3073453	3234409	rs139361635	NC_000019.10:11110734:G:C	single nucleotide variant	missense variant	Uncertain significance	Sep 10, 2025	criteria provided, multiple submitters, no conflicts	NA	NA	NA	NA	NA	NA
NM_000527.5(LDLR):c.1024G>T (p.Asp342Tyr)	LDLR	D342Y, D301Y, D174Y, D215Y	Hypercholesterolemia, familial, 1	VCV000251603	19	11221411	19	11110735	251603	245927	rs139361635	NC_000019.10:11110734:G:T	single nucleotide variant	missense variant	Uncertain significance	Aug 11, 2020	reviewed by expert panel	NA	NA	NA	NA	NA	NA
NM_000527.5(LDLR):c.1034A>G (p.Gln345Arg)	LDLR	Q177R, Q218R, Q304R, Q345R	Familial hypercholesterolemia	VCV004069789	19	11221421	19	11110745	4069789	4180225	NA	NC_000019.10:11110744:A:G	single nucleotide variant	missense variant	Uncertain significance	Feb 10, 2025	no assertion criteria provided	NA	NA	NA	NA	NA	NA
NM_000527.5(LDLR):c.1036C>G (p.Leu346Val)	LDLR	L346V, L219V, L305V, L178V	Hypercholesterolemia, familial, 1	VCV000431518	19	11221423	19	11110747	431518	425033	rs1135402770	NC_000019.10:11110746:C:G	single nucleotide variant	missense variant	Uncertain significance	Mar 1, 2016	criteria provided, single submitter	NA	NA	NA	NA	NA	NA
NM_000527.5(LDLR):c.1037T>C (p.Leu346Pro)	LDLR	L178P, L219P, L305P, L346P	Familial hypercholesterolemia|not specified	VCV002682633	19	11221424	19	11110748	2682633	2843663	rs1263606970	NC_000019.10:11110747:T:C	single nucleotide variant	missense variant	Uncertain significance	Sep 22, 2025	criteria provided, multiple submitters, no conflicts	NA	NA	NA	NA	NA	NA
NM_000527.5(LDLR):c.1043C>T (p.Ala348Val)	LDLR	A180V, A221V, A307V, A348V	Hypercholesterolemia, familial, 1	VCV001199380	19	11221430	19	11110754	1199380	1189370	rs2147239182	NC_000019.10:11110753:C:T	single nucleotide variant	missense variant	Uncertain significance	Jul 14, 2021	criteria provided, single submitter	NA	NA	NA	NA	NA	NA
NM_000527.5(LDLR):c.1049G>A (p.Arg350Gln)	LDLR	R182Q, R223Q, R309Q, R350Q	Hypercholesterolemia, familial, 1	VCV000689349	19	11221436	19	11110760	689349	676941	rs875989914	NC_000019.10:11110759:G:A	single nucleotide variant	missense variant	Uncertain significance	Apr 28, 2023	reviewed by expert panel	NA	NA	NA	NA	NA	NA
NM_000527.5(LDLR):c.1057G>A (p.Glu353Lys)	LDLR	E353K, E185K, E226K, E312K	Hypercholesterolemia, familial, 1	VCV000161275	19	11221444	19	11110768	161275	171209	rs370471092	NC_000019.10:11110767:G:A	single nucleotide variant	missense variant	Uncertain significance	Jan 31, 2025	reviewed by expert panel	NA	NA	NA	NA	NA	NA
NM_000527.5(LDLR):c.1065C>G (p.Ile355Met)	LDLR	I355M, I314M, I187M, I228M	Cardiovascular phenotype|Familial hypercholesterolemia|not provided|Hypercholesterolemia, familial, 1	VCV000403634	19	11222194	19	11111518	403634	390616	rs960032925	NC_000019.10:11111517:C:G	single nucleotide variant	missense variant	Uncertain significance	Dec 14, 2025	criteria provided, multiple submitters, no conflicts	NA	NA	NA	NA	NA	NA
NM_000527.5(LDLR):c.1069G>C (p.Glu357Gln)	LDLR	E357Q, E189Q, E230Q, E316Q	Hypercholesterolemia, familial, 1	VCV000431519	19	11222198	19	11111522	431519	425034	rs879254781	NC_000019.10:11111521:G:C	single nucleotide variant	missense variant	Uncertain significance	Apr 28, 2023	reviewed by expert panel	NA	NA	NA	NA	NA	NA
NM_000527.5(LDLR):c.1070A>G (p.Glu357Gly)	LDLR	E357G, E189G, E230G, E316G	Hypercholesterolemia, familial, 1	VCV000251651	19	11222199	19	11111523	251651	245973	rs753248521	NC_000019.10:11111522:A:G	single nucleotide variant	missense variant	Uncertain significance	Apr 28, 2023	reviewed by expert panel	NA	NA	NA	NA	NA	NA
NM_000527.5(LDLR):c.1075C>A (p.Gln359Lys)	LDLR	Q191K, Q232K, Q359K, Q318K	Familial hypercholesterolemia	VCV001946878	19	11222204	19	11111528	1946878	1995842	rs879254784	NC_000019.10:11111527:C:A	single nucleotide variant	missense variant	Uncertain significance	Jan 1, 2022	criteria provided, single submitter	NA	NA	NA	NA	NA	NA
NM_000527.5(LDLR):c.1078G>A (p.Asp360Asn)	LDLR	D319N, D233N, D360N, D192N	Cardiovascular phenotype	VCV003537734	19	11222207	19	11111531	3537734	3698954	NA	NC_000019.10:11111530:G:A	single nucleotide variant	missense variant	Uncertain significance	Jul 13, 2024	criteria provided, single submitter	NA	NA	NA	NA	NA	NA
NM_000527.5(LDLR):c.1078G>C (p.Asp360His)	LDLR	D360H, D233H, D192H, D319H	Hypercholesterolemia, familial, 1	VCV000523715	19	11222207	19	11111531	523715	514383	rs777926251	NC_000019.10:11111530:G:C	single nucleotide variant	missense variant	Uncertain significance	Oct 28, 2024	reviewed by expert panel	NA	NA	NA	NA	NA	NA
NM_000527.5(LDLR):c.1079A>C (p.Asp360Ala)	LDLR	D192A, D319A, D233A, D360A	Hypercholesterolemia, familial, 1	VCV003891571	19	11222208	19	11111532	3891571	4007464	NA	NC_000019.10:11111531:A:C	single nucleotide variant	missense variant	Uncertain significance	Aug 10, 2021	criteria provided, single submitter	NA	NA	NA	NA	NA	NA
NM_000527.5(LDLR):c.1080T>G (p.Asp360Glu)	LDLR	D360E, D192E, D319E, D233E	Hypercholesterolemia, familial, 1	VCV000440624	19	11222209	19	11111533	440624	434275	rs749322464	NC_000019.10:11111532:T:G	single nucleotide variant	missense variant	Uncertain significance	Oct 28, 2024	reviewed by expert panel	NA	NA	NA	NA	NA	NA
NM_000527.5(LDLR):c.1084G>A (p.Asp362Asn)	LDLR	D194N, D235N, D321N, D362N	Familial hypercholesterolemia	VCV004758990	19	11222213	19	11111537	4758990	4870318	NA	NC_000019.10:11111536:G:A	single nucleotide variant	missense variant	Uncertain significance	Jul 20, 2025	criteria provided, single submitter	NA	NA	NA	NA	NA	NA
NM_000527.5(LDLR):c.1085A>T (p.Asp362Val)	LDLR	D194V, D235V, D321V, D362V	Familial hypercholesterolemia	VCV004758042	19	11222214	19	11111538	4758042	4869375	NA	NC_000019.10:11111537:A:T	single nucleotide variant	missense variant	Uncertain significance	Jul 22, 2025	criteria provided, single submitter	NA	NA	NA	NA	NA	NA
NM_000527.5(LDLR):c.1085A>C (p.Asp362Ala)	LDLR	D362A, D235A, D194A, D321A	Hypercholesterolemia, familial, 1	VCV000036452	19	11222214	19	11111538	36452	45115	rs138315511	NC_000019.10:11111537:A:C	single nucleotide variant	missense variant	Uncertain significance	Apr 28, 2023	reviewed by expert panel	NA	NA	NA	NA	NA	NA
NM_000527.5(LDLR):c.1088C>T (p.Thr363Ile)	LDLR	T236I, T322I, T195I, T363I	Hypercholesterolemia, familial, 1	VCV001967129	19	11222217	19	11111541	1967129	2024557	rs200533979	NC_000019.10:11111540:C:T	single nucleotide variant	missense variant	Uncertain significance	Mar 24, 2025	reviewed by expert panel	NA	NA	NA	NA	NA	NA
NM_000527.5(LDLR):c.1088C>A (p.Thr363Asn)	LDLR	T363N, T195N, T322N, T236N	Hypercholesterolemia, familial, 1	VCV000251656	19	11222217	19	11111541	251656	245979	rs200533979	NC_000019.10:11111540:C:A	single nucleotide variant	missense variant	Uncertain significance	Mar 24, 2025	reviewed by expert panel	NA	NA	NA	NA	NA	NA
NM_000527.5(LDLR):c.1093A>G (p.Ser365Gly)	LDLR	S197G, S238G, S324G, S365G	Hypercholesterolemia, familial, 1	VCV003073501	19	11222222	19	11111546	3073501	3234457	rs2515994846	NC_000019.10:11111545:A:G	single nucleotide variant	missense variant	Uncertain significance	Sep 17, 2023	criteria provided, single submitter	NA	NA	NA	NA	NA	NA
NM_000527.5(LDLR):c.1099C>T (p.Leu367Phe)	LDLR	L326F, L367F, L199F, L240F	not provided	VCV003572127	19	11222228	19	11111552	3572127	3731028	NA	NC_000019.10:11111551:C:T	single nucleotide variant	missense variant	Uncertain significance	Dec 22, 2023	criteria provided, single submitter	NA	NA	NA	NA	NA	NA
NM_000527.5(LDLR):c.1104C>G (p.Cys368Trp)	LDLR	C200W, C241W, C327W, C368W	not specified	VCV004853490	19	11222233	19	11111557	4853490	4964432	NA	NC_000019.10:11111556:C:G	single nucleotide variant	missense variant	Uncertain significance	May 7, 2026	criteria provided, single submitter	NA	NA	NA	NA	NA	NA
NM_000527.5(LDLR):c.1105G>A (p.Val369Met)	LDLR	V369M, V328M, V201M, V242M	Cardiovascular phenotype|Familial hypercholesterolemia|not provided|Hypercholesterolemia, familial, 1	VCV000183107	19	11222234	19	11111558	183107	181248	rs730882097	NC_000019.10:11111557:G:A	single nucleotide variant	missense variant	Uncertain significance	Feb 10, 2026	criteria provided, multiple submitters, no conflicts	NA	NA	NA	NA	NA	NA
NM_000527.5(LDLR):c.1112T>C (p.Leu371Pro)	LDLR	L371P, L203P, L330P, L244P	Cardiovascular phenotype|Hypercholesterolemia, familial, 1	VCV000403635	19	11222241	19	11111565	403635	390617	rs1060499920	NC_000019.10:11111564:T:C	single nucleotide variant	missense variant	Uncertain significance	Apr 29, 2019	criteria provided, multiple submitters, no conflicts	NA	NA	NA	NA	NA	NA
NM_000527.5(LDLR):c.1114G>C (p.Glu372Gln)	LDLR	E204Q, E245Q, E331Q, E372Q	Hypercholesterolemia, familial, 1	VCV003075482	19	11222243	19	11111567	3075482	3233048	rs1131692204	NC_000019.10:11111566:G:C	single nucleotide variant	missense variant	Uncertain significance	Feb 5, 2024	criteria provided, single submitter	NA	NA	NA	NA	NA	NA
NM_000527.5(LDLR):c.1117G>A (p.Gly373Ser)	LDLR	G205S, G246S, G332S, G373S	Hypercholesterolemia, familial, 1	VCV004813274	19	11222246	19	11111570	4813274	4924432	NA	NC_000019.10:11111569:G:A	single nucleotide variant	missense variant	Uncertain significance	Feb 11, 2026	criteria provided, single submitter	NA	NA	NA	NA	NA	NA
NM_000527.5(LDLR):c.1120G>A (p.Gly374Ser)	LDLR	G374S, G206S, G247S, G333S	Familial hypercholesterolemia	VCV004756789	19	11222249	19	11111573	4756789	4868125	NA	NC_000019.10:11111572:G:A	single nucleotide variant	missense variant	Uncertain significance	Jun 3, 2025	criteria provided, single submitter	NA	NA	NA	NA	NA	NA
NM_000527.5(LDLR):c.1121G>T (p.Gly374Val)	LDLR	G206V, G247V, G333V, G374V	Familial hypercholesterolemia	VCV004850673	19	11222250	19	11111574	4850673	4961691	NA	NC_000019.10:11111573:G:T	single nucleotide variant	missense variant	Uncertain significance	Apr 27, 2026	criteria provided, single submitter	NA	NA	NA	NA	NA	NA
NM_000527.5(LDLR):c.1121G>A (p.Gly374Asp)	LDLR	G206D, G247D, G333D, G374D	Familial hypercholesterolemia	VCV003625790	19	11222250	19	11111574	3625790	3761084	NA	NC_000019.10:11111573:G:A	single nucleotide variant	missense variant	Uncertain significance	Sep 11, 2024	criteria provided, single submitter	NA	NA	NA	NA	NA	NA
NM_000527.5(LDLR):c.1127A>T (p.Lys376Met)	LDLR	K249M, K335M, K208M, K376M	Familial hypercholesterolemia	VCV000923427	19	11222256	19	11111580	923427	914732	rs2077377185	NC_000019.10:11111579:A:T	single nucleotide variant	missense variant	Uncertain significance	May 21, 2024	criteria provided, multiple submitters, no conflicts	NA	NA	NA	NA	NA	NA
NM_000527.5(LDLR):c.1134G>C (p.Gln378His)	LDLR	Q210H, Q251H, Q337H, Q378H	Familial hypercholesterolemia|Hypercholesterolemia, familial, 1	VCV003070315	19	11222263	19	11111587	3070315	3231803	rs2077377560	NC_000019.10:11111586:G:C	single nucleotide variant	missense variant	Uncertain significance	Sep 9, 2025	criteria provided, multiple submitters, no conflicts	NA	NA	NA	NA	NA	NA
NM_000527.5(LDLR):c.1138G>A (p.Glu380Lys)	LDLR	E253K, E380K, E339K, E212K	Cardiovascular phenotype|Familial hypercholesterolemia|Hypercholesterolemia, familial, 1	VCV000923651	19	11222267	19	11111591	923651	914733	rs983617416	NC_000019.10:11111590:G:A	single nucleotide variant	missense variant	Uncertain significance	Apr 2, 2026	criteria provided, multiple submitters, no conflicts	NA	NA	NA	NA	NA	NA
NM_000527.5(LDLR):c.1141G>A (p.Glu381Lys)	LDLR	E213K, E254K, E340K, E381K	Familial hypercholesterolemia	VCV004069771	19	11222270	19	11111594	4069771	4180207	NA	NC_000019.10:11111593:G:A	single nucleotide variant	missense variant	Uncertain significance	Apr 10, 2025	no assertion criteria provided	NA	NA	NA	NA	NA	NA
NM_000527.5(LDLR):c.1144G>C (p.Gly382Arg)	LDLR	G214R, G255R, G341R, G382R	Hypercholesterolemia, familial, 1	VCV003072732	19	11222273	19	11111597	3072732	3229004	rs767935341	NC_000019.10:11111596:G:C	single nucleotide variant	missense variant	Uncertain significance	Dec 18, 2023	criteria provided, single submitter	NA	NA	NA	NA	NA	NA
NM_000527.5(LDLR):c.1145G>A (p.Gly382Asp)	LDLR	G341D, G255D, G214D, G382D	Hypercholesterolemia, familial, 1|Familial hypercholesterolemia	VCV000926308	19	11222274	19	11111598	926308	914734	rs752951310	NC_000019.10:11111597:G:A	single nucleotide variant	missense variant	Uncertain significance	Feb 24, 2023	criteria provided, multiple submitters, no conflicts	NA	NA	NA	NA	NA	NA
NM_000527.5(LDLR):c.1148T>G (p.Phe383Cys)	LDLR	F215C, F256C, F342C, F383C	Dyslipidemia	VCV004820429	19	11222277	19	11111601	4820429	4931524	NA	NC_000019.10:11111600:T:G	single nucleotide variant	missense variant	Uncertain significance	Mar 27, 2026	criteria provided, single submitter	NA	NA	NA	NA	NA	NA
NM_000527.5(LDLR):c.1153C>G (p.Leu385Val)	LDLR	L385V, L217V, L258V, L344V	Hypercholesterolemia, familial, 1	VCV000251691	19	11222282	19	11111606	251691	246014	rs879254808	NC_000019.10:11111605:C:G	single nucleotide variant	missense variant	Uncertain significance	Apr 28, 2023	reviewed by expert panel	NA	NA	NA	NA	NA	NA
NM_000527.5(LDLR):c.1154T>C (p.Leu385Pro)	LDLR	L385P, L217P, L344P, L258P	Hypercholesterolemia, familial, 1	VCV000440626	19	11222283	19	11111607	440626	434277	rs879254809	NC_000019.10:11111606:T:C	single nucleotide variant	missense variant	Uncertain significance	Apr 28, 2023	reviewed by expert panel	NA	NA	NA	NA	NA	NA
NM_000527.5(LDLR):c.1154T>G (p.Leu385Arg)	LDLR	L385R, L344R, L217R, L258R	Hypercholesterolemia, familial, 1	VCV000251692	19	11222283	19	11111607	251692	246015	rs879254809	NC_000019.10:11111606:T:G	single nucleotide variant	missense variant	Uncertain significance	Apr 28, 2023	reviewed by expert panel	NA	NA	NA	NA	NA	NA
NM_000527.5(LDLR):c.1156G>T (p.Asp386Tyr)	LDLR	D386Y, D345Y, D259Y, D218Y	Hypercholesterolemia, familial, 1	VCV000440627	19	11222285	19	11111609	440627	434278	rs1402951356	NC_000019.10:11111608:G:T	single nucleotide variant	missense variant	Uncertain significance	Mar 25, 2022	reviewed by expert panel	NA	NA	NA	NA	NA	NA
NM_000527.5(LDLR):c.1158C>A (p.Asp386Glu)	LDLR	D218E, D259E, D345E, D386E	Cardiovascular phenotype	VCV004859174	19	11222287	19	11111611	4859174	4972725	NA	NC_000019.10:11111610:C:A	single nucleotide variant	missense variant	Uncertain significance	May 18, 2026	criteria provided, single submitter	NA	NA	NA	NA	NA	NA
NM_000527.5(LDLR):c.1158C>G (p.Asp386Glu)	LDLR	D386E, D345E, D218E, D259E	Hypercholesterolemia, familial, 1	VCV000251693	19	11222287	19	11111611	251693	246016	rs879254810	NC_000019.10:11111610:C:G	single nucleotide variant	missense variant	Uncertain significance	Mar 25, 2022	reviewed by expert panel	NA	NA	NA	NA	NA	NA
NM_000527.5(LDLR):c.1159C>G (p.Pro387Ala)	LDLR	P260A, P219A, P346A, P387A	Familial hypercholesterolemia	VCV004704359	19	11222288	19	11111612	4704359	4805018	NA	NC_000019.10:11111611:C:G	single nucleotide variant	missense variant	Uncertain significance	Aug 13, 2025	criteria provided, single submitter	NA	NA	NA	NA	NA	NA
NM_000527.5(LDLR):c.1160C>A (p.Pro387His)	LDLR	P219H, P260H, P346H, P387H	Hypercholesterolemia, familial, 1	VCV003070196	19	11222289	19	11111613	3070196	3231684	rs756672317	NC_000019.10:11111612:C:A	single nucleotide variant	missense variant	Uncertain significance	Apr 3, 2023	criteria provided, single submitter	NA	NA	NA	NA	NA	NA
NM_000527.5(LDLR):c.1160C>T (p.Pro387Leu)	LDLR	P260L, P219L, P346L, P387L	not provided|Hypercholesterolemia, familial, 1	VCV000891661	19	11222289	19	11111613	891661	879830	rs756672317	NC_000019.10:11111612:C:T	single nucleotide variant	missense variant	Uncertain significance	Jul 1, 2025	criteria provided, multiple submitters, no conflicts	NA	NA	NA	NA	NA	NA
NM_000527.5(LDLR):c.1162C>G (p.His388Asp)	LDLR	H220D, H261D, H347D, H388D	Familial hypercholesterolemia	VCV001062644	19	11222291	19	11111615	1062644	1051078	rs764551797	NC_000019.10:11111614:C:G	single nucleotide variant	missense variant	Uncertain significance	Apr 4, 2023	criteria provided, single submitter	NA	NA	NA	NA	NA	NA
NM_000527.5(LDLR):c.1162C>A (p.His388Asn)	LDLR	H261N, H347N, H220N, H388N	Cardiovascular phenotype|Familial hypercholesterolemia|Hypercholesterolemia, familial, 1	VCV000926521	19	11222291	19	11111615	926521	914735	rs764551797	NC_000019.10:11111614:C:A	single nucleotide variant	missense variant	Uncertain significance	Apr 27, 2026	criteria provided, multiple submitters, no conflicts	NA	NA	NA	NA	NA	NA
NM_000527.5(LDLR):c.1166C>G (p.Thr389Arg)	LDLR	T221R, T262R, T348R, T389R	Hypercholesterolemia, familial, 1	VCV003074305	19	11222295	19	11111619	3074305	3231440	rs149227308	NC_000019.10:11111618:C:G	single nucleotide variant	missense variant	Uncertain significance	Nov 2, 2023	criteria provided, single submitter	NA	NA	NA	NA	NA	NA
NM_000527.5(LDLR):c.1169A>G (p.Lys390Arg)	LDLR	K222R, K349R, K390R, K263R	Familial hypercholesterolemia	VCV000923620	19	11222298	19	11111622	923620	914737	rs2077378748	NC_000019.10:11111621:A:G	single nucleotide variant	missense variant	Uncertain significance	May 1, 2025	criteria provided, multiple submitters, no conflicts	NA	NA	NA	NA	NA	NA
NM_000527.5(LDLR):c.1171G>C (p.Ala391Pro)	LDLR	A223P, A350P, A391P, A264P	Familial hypercholesterolemia	VCV002845363	19	11222300	19	11111624	2845363	3014818	rs11669576	NC_000019.10:11111623:G:C	single nucleotide variant	missense variant	Uncertain significance	Mar 13, 2023	criteria provided, single submitter	NA	NA	NA	NA	NA	NA
NM_000527.5(LDLR):c.1176C>G (p.Cys392Trp)	LDLR	C224W, C265W, C351W, C392W	Dyslipidemia	VCV003894613	19	11222305	19	11111629	3894613	4010492	NA	NC_000019.10:11111628:C:G	single nucleotide variant	missense variant	Uncertain significance	Apr 9, 2025	criteria provided, single submitter	NA	NA	NA	NA	NA	NA
NM_000527.5(LDLR):c.1180G>T (p.Ala394Ser)	LDLR	A353S, A394S, A226S, A267S	Familial hypercholesterolemia	VCV000921932	19	11222309	19	11111633	921932	914738	rs2077379274	NC_000019.10:11111632:G:T	single nucleotide variant	missense variant	Uncertain significance	Mar 4, 2019	criteria provided, single submitter	NA	NA	NA	NA	NA	NA
NM_000527.5(LDLR):c.1181C>T (p.Ala394Val)	LDLR	A226V, A267V, A353V, A394V	Hypercholesterolemia, familial, 1	VCV003072636	19	11222310	19	11111634	3072636	3231077	rs758493253	NC_000019.10:11111633:C:T	single nucleotide variant	missense variant	Uncertain significance	Jan 8, 2024	criteria provided, single submitter	NA	NA	NA	NA	NA	NA
NM_000527.5(LDLR):c.1186G>C (p.Gly396Arg)	LDLR	G396R, G228R, G269R, G355R	Hypercholesterolemia, familial, 1	VCV000870321	19	11222315	19	11111639	870321	858486	rs879254820	NC_000019.10:11111638:G:C	single nucleotide variant	missense variant	Uncertain significance	Oct 28, 2022	reviewed by expert panel	NA	NA	NA	NA	NA	NA
NM_000527.5(LDLR):c.1187G>T (p.Gly396Val)	LDLR	G355V, G228V, G269V, G396V	Hypercholesterolemia, familial, 1	VCV000924165	19	11223954	19	11113278	924165	914739	rs766474188	NC_000019.10:11113277:G:T	single nucleotide variant	missense variant	Uncertain significance	Oct 28, 2022	reviewed by expert panel	NA	NA	NA	NA	NA	NA
NM_000527.5(LDLR):c.1187G>A (p.Gly396Asp)	LDLR	G396D, G269D, G228D, G355D	Hypercholesterolemia, familial, 1	VCV000440630	19	11223954	19	11113278	440630	434282	rs766474188	NC_000019.10:11113277:G:A	single nucleotide variant	missense variant	Uncertain significance	Oct 28, 2022	reviewed by expert panel	NA	NA	NA	NA	NA	NA
NM_000527.5(LDLR):c.1189T>C (p.Ser397Pro)	LDLR	S270P, S397P, S229P, S356P	Hypercholesterolemia, familial, 1	VCV000923326	19	11223956	19	11113280	923326	914741	rs879254825	NC_000019.10:11113279:T:C	single nucleotide variant	missense variant	Uncertain significance	Jun 23, 2023	reviewed by expert panel	NA	NA	NA	NA	NA	NA
NM_000527.5(LDLR):c.1189T>A (p.Ser397Thr)	LDLR	S397T, S229T, S356T, S270T	Hypercholesterolemia, familial, 1	VCV000251725	19	11223956	19	11113280	251725	246039	rs879254825	NC_000019.10:11113279:T:A	single nucleotide variant	missense variant	Uncertain significance	Jun 23, 2023	reviewed by expert panel	NA	NA	NA	NA	NA	NA
NM_000527.5(LDLR):c.1190C>T (p.Ser397Phe)	LDLR	S356F, S229F, S270F, S397F	Hypercholesterolemia, familial, 1	VCV000925475	19	11223957	19	11113281	925475	914742	rs2077406646	NC_000019.10:11113280:C:T	single nucleotide variant	missense variant	Uncertain significance	Jun 23, 2023	reviewed by expert panel	NA	NA	NA	NA	NA	NA
NM_000527.5(LDLR):c.1196C>T (p.Ala399Val)	LDLR	A231V, A272V, A358V, A399V	Hypercholesterolemia, familial, 1	VCV003074081	19	11223963	19	11113287	3074081	3231217	rs875989918	NC_000019.10:11113286:C:T	single nucleotide variant	missense variant	Uncertain significance	Jan 23, 2026	reviewed by expert panel	NA	NA	NA	NA	NA	NA
NM_000527.5(LDLR):c.1210A>T (p.Thr404Ser)	LDLR	T404S, T236S, T277S, T363S	Hypercholesterolemia, familial, 1	VCV000431523	19	11223977	19	11113301	431523	425037	rs879254834	NC_000019.10:11113300:A:T	single nucleotide variant	missense variant	Uncertain significance	Apr 28, 2023	reviewed by expert panel	NA	NA	NA	NA	NA	NA
NM_000527.5(LDLR):c.1210A>C (p.Thr404Pro)	LDLR	T404P, T277P, T236P, T363P	Hypercholesterolemia, familial, 1	VCV000251735	19	11223977	19	11113301	251735	246049	rs879254834	NC_000019.10:11113300:A:C	single nucleotide variant	missense variant	Uncertain significance	Apr 28, 2023	reviewed by expert panel	NA	NA	NA	NA	NA	NA
NM_000527.5(LDLR):c.1214A>T (p.Asn405Ile)	LDLR	N237I, N278I, N364I, N405I	Hypercholesterolemia, familial, 1	VCV001341568	19	11223981	19	11113305	1341568	1332817	rs879254836	NC_000019.10:11113304:A:T	single nucleotide variant	missense variant	Uncertain significance	Feb 10, 2022	criteria provided, single submitter	NA	NA	NA	NA	NA	NA
NM_000527.5(LDLR):c.1214A>C (p.Asn405Thr)	LDLR	N405T, N278T, N364T, N237T	Hypercholesterolemia, familial, 1	VCV000251737	19	11223981	19	11113305	251737	246051	rs879254836	NC_000019.10:11113304:A:C	single nucleotide variant	missense variant	Uncertain significance	Mar 25, 2016	criteria provided, single submitter	NA	NA	NA	NA	NA	NA
NM_000527.5(LDLR):c.1221C>G (p.His407Gln)	LDLR	H407Q, H239Q, H280Q, H366Q	Cardiovascular phenotype|Familial hypercholesterolemia	VCV002615812	19	11223988	19	11113312	2615812	2791482	rs778424518	NC_000019.10:11113311:C:G	single nucleotide variant	missense variant	Uncertain significance	Jun 9, 2026	criteria provided, multiple submitters, no conflicts	NA	NA	NA	NA	NA	NA
NM_000527.5(LDLR):c.1222G>C (p.Glu408Gln)	LDLR	E408Q, E240Q, E367Q, E281Q	Hypercholesterolemia, familial, 1	VCV000373430	19	11223989	19	11113313	373430	360371	rs137943601	NC_000019.10:11113312:G:C	single nucleotide variant	missense variant	Uncertain significance	Dec 16, 2021	reviewed by expert panel	NA	NA	NA	NA	NA	NA
NM_000527.5(LDLR):c.1223A>C (p.Glu408Ala)	LDLR	E408A, E367A, E281A, E240A	Hypercholesterolemia, familial, 1	VCV000251739	19	11223990	19	11113314	251739	246053	rs879254838	NC_000019.10:11113313:A:C	single nucleotide variant	missense variant	Uncertain significance	Dec 16, 2021	reviewed by expert panel	NA	NA	NA	NA	NA	NA
NM_000527.5(LDLR):c.1224G>C (p.Glu408Asp)	LDLR	E408D, E281D, E240D, E367D	Hypercholesterolemia, familial, 1	VCV000431524	19	11223991	19	11113315	431524	425038	rs142319510	NC_000019.10:11113314:G:C	single nucleotide variant	missense variant	Uncertain significance	Dec 16, 2021	reviewed by expert panel	NA	NA	NA	NA	NA	NA
NM_000527.5(LDLR):c.1225G>A (p.Val409Ile)	LDLR	V368I, V241I, V282I, V409I	Cardiovascular phenotype	VCV002509911	19	11223992	19	11113316	2509911	2683371	rs1324865629	NC_000019.10:11113315:G:A	single nucleotide variant	missense variant	Uncertain significance	Mar 30, 2026	criteria provided, single submitter	NA	NA	NA	NA	NA	NA
NM_000527.5(LDLR):c.1234A>G (p.Met412Val)	LDLR	M244V, M285V, M371V, M412V	Hypercholesterolemia, familial, 1	VCV003386985	19	11224001	19	11113325	3386985	3546120	NA	NC_000019.10:11113324:A:G	single nucleotide variant	missense variant	Uncertain significance	Aug 13, 2024	criteria provided, single submitter	NA	NA	NA	NA	NA	NA
NM_000527.5(LDLR):c.1234A>T (p.Met412Leu)	LDLR	M285L, M412L, M244L, M371L	Familial hypercholesterolemia|Hypercholesterolemia, familial, 1	VCV000918996	19	11224001	19	11113325	918996	914744	rs1225797407	NC_000019.10:11113324:A:T	single nucleotide variant	missense variant	Uncertain significance	Nov 20, 2023	criteria provided, multiple submitters, no conflicts	NA	NA	NA	NA	NA	NA
NM_000527.5(LDLR):c.1241T>G (p.Leu414Arg)	LDLR	L414R, L287R, L373R, L246R	Hypercholesterolemia, familial, 1	VCV000251747	19	11224008	19	11113332	251747	246061	rs748554592	NC_000019.10:11113331:T:G	single nucleotide variant	missense variant	Uncertain significance	Mar 7, 2022	reviewed by expert panel	NA	NA	NA	NA	NA	NA
NM_000527.5(LDLR):c.1244A>T (p.Asp415Val)	LDLR	D415V, D288V, D374V, D247V	Hypercholesterolemia, familial, 1	VCV000251750	19	11224011	19	11113335	251750	246064	rs879254845	NC_000019.10:11113334:A:T	single nucleotide variant	missense variant	Uncertain significance	Jun 23, 2023	reviewed by expert panel	NA	NA	NA	NA	NA	NA
NM_000527.5(LDLR):c.1245C>A (p.Asp415Glu)	LDLR	D247E, D288E, D374E, D415E	Hypercholesterolemia, familial, 1	VCV003377559	19	11224012	19	11113336	3377559	3536740	NA	NC_000019.10:11113335:C:A	single nucleotide variant	missense variant	Uncertain significance	Jun 22, 2023	criteria provided, single submitter	NA	NA	NA	NA	NA	NA
NM_000527.5(LDLR):c.1253A>G (p.Glu418Gly)	LDLR	E250G, E291G, E377G, E418G	Hypercholesterolemia, familial, 1|Familial hypercholesterolemia	VCV001341569	19	11224020	19	11113344	1341569	1332818	rs2147247251	NC_000019.10:11113343:A:G	single nucleotide variant	missense variant	Uncertain significance	Apr 15, 2026	criteria provided, multiple submitters, no conflicts	NA	NA	NA	NA	NA	NA
NM_000527.5(LDLR):c.1258A>C (p.Thr420Pro)	LDLR	T252P, T293P, T379P, T420P	Hypercholesterolemia, familial, 1	VCV004079195	19	11224025	19	11113349	4079195	4192623	NA	NC_000019.10:11113348:A:C	single nucleotide variant	missense variant	Uncertain significance	Jul 16, 2024	criteria provided, single submitter	NA	NA	NA	NA	NA	NA
NM_000527.5(LDLR):c.1264C>T (p.Leu422Phe)	LDLR	L422F, L254F, L381F, L295F	Familial hypercholesterolemia	VCV000920869	19	11224031	19	11113355	920869	914746	rs2077409172	NC_000019.10:11113354:C:T	single nucleotide variant	missense variant	Uncertain significance	Dec 6, 2023	criteria provided, single submitter	NA	NA	NA	NA	NA	NA
NM_000527.5(LDLR):c.1270C>A (p.Pro424Thr)	LDLR	P256T, P297T, P383T, P424T	Hypercholesterolemia, familial, 1|Familial hypercholesterolemia	VCV002773511	19	11224037	19	11113361	2773511	2934244	rs1035071612	NC_000019.10:11113360:C:A	single nucleotide variant	missense variant	Uncertain significance	Aug 6, 2024	criteria provided, multiple submitters, no conflicts	NA	NA	NA	NA	NA	NA
NM_000527.5(LDLR):c.1271C>T (p.Pro424Leu)	LDLR	P256L, P297L, P383L, P424L	Familial hypercholesterolemia	VCV001332345	19	11224038	19	11113362	1332345	1323063	rs868801795	NC_000019.10:11113361:C:T	single nucleotide variant	missense variant	Uncertain significance	Mar 6, 2024	criteria provided, single submitter	NA	NA	NA	NA	NA	NA
NM_000527.5(LDLR):c.1273A>G (p.Asn425Asp)	LDLR	N425D, N298D, N384D, N257D	Hypercholesterolemia, familial, 1	VCV000575372	19	11224040	19	11113364	575372	572866	rs1327586053	NC_000019.10:11113363:A:G	single nucleotide variant	missense variant	Uncertain significance	Jun 23, 2023	reviewed by expert panel	NA	NA	NA	NA	NA	NA
NM_000527.5(LDLR):c.1274A>G (p.Asn425Ser)	LDLR	N257S, N298S, N384S, N425S	not specified	VCV003375257	19	11224041	19	11113365	3375257	3534445	NA	NC_000019.10:11113364:A:G	single nucleotide variant	missense variant	Uncertain significance	Sep 24, 2024	criteria provided, single submitter	NA	NA	NA	NA	NA	NA
NM_000527.5(LDLR):c.1274A>T (p.Asn425Ile)	LDLR	N425I, N257I, N384I, N298I	Hypercholesterolemia, familial, 1	VCV000251762	19	11224041	19	11113365	251762	246076	rs879254850	NC_000019.10:11113364:A:T	single nucleotide variant	missense variant	Uncertain significance	Jun 23, 2023	reviewed by expert panel	NA	NA	NA	NA	NA	NA
NM_000527.5(LDLR):c.1283A>G (p.Asn428Ser)	LDLR	N428S, N301S, N260S, N387S	Hypercholesterolemia, familial, 1	VCV000251765	19	11224050	19	11113374	251765	246079	rs879254852	NC_000019.10:11113373:A:G	single nucleotide variant	missense variant	Uncertain significance	Apr 17, 2024	reviewed by expert panel	NA	NA	NA	NA	NA	NA
NM_000527.5(LDLR):c.1284C>G (p.Asn428Lys)	LDLR	N428K, N260K, N387K, N301K	Hypercholesterolemia, familial, 1	VCV000251766	19	11224051	19	11113375	251766	246080	rs368708058	NC_000019.10:11113374:C:G	single nucleotide variant	missense variant	Uncertain significance	Jun 23, 2023	reviewed by expert panel	NA	NA	NA	NA	NA	NA
NM_000527.5(LDLR):c.1288G>T (p.Val430Phe)	LDLR	V262F, V303F, V389F, V430F	Familial hypercholesterolemia	VCV004820260	19	11224055	19	11113379	4820260	4931367	NA	NC_000019.10:11113378:G:T	single nucleotide variant	missense variant	Uncertain significance	Mar 18, 2026	criteria provided, single submitter	NA	NA	NA	NA	NA	NA
NM_000527.5(LDLR):c.1295T>G (p.Leu432Arg)	LDLR	L264R, L305R, L391R, L432R	not provided	VCV003572128	19	11224062	19	11113386	3572128	3731029	NA	NC_000019.10:11113385:T:G	single nucleotide variant	missense variant	Uncertain significance	Jul 11, 2024	criteria provided, single submitter	NA	NA	NA	NA	NA	NA
NM_000527.5(LDLR):c.1300A>C (p.Thr434Pro)	LDLR	T434P, T266P, T307P, T393P	Hypercholesterolemia, familial, 1	VCV000496018	19	11224067	19	11113391	496018	488031	rs1555805237	NC_000019.10:11113390:A:C	single nucleotide variant	missense variant	Uncertain significance	Oct 28, 2022	reviewed by expert panel	NA	NA	NA	NA	NA	NA
NM_000527.5(LDLR):c.1301C>T (p.Thr434Met)	LDLR	T434M, T393M, T266M, T307M	Hypercholesterolemia, familial, 1	VCV000251775	19	11224068	19	11113392	251775	246089	rs745343524	NC_000019.10:11113391:C:T	single nucleotide variant	missense variant	Uncertain significance	Oct 28, 2022	reviewed by expert panel	NA	NA	NA	NA	NA	NA
NM_000527.5(LDLR):c.1303G>A (p.Glu435Lys)	LDLR	E267K, E308K, E394K, E435K	Hypercholesterolemia, familial, 1|Familial hypercholesterolemia	VCV003386986	19	11224070	19	11113394	3386986	3546121	NA	NC_000019.10:11113393:G:A	single nucleotide variant	missense variant	Uncertain significance	Jun 27, 2024	criteria provided, multiple submitters, no conflicts	NA	NA	NA	NA	NA	NA
NM_000527.5(LDLR):c.1304A>T (p.Glu435Val)	LDLR	E435V, E267V, E394V, E308V	Cardiovascular phenotype	VCV001769474	19	11224071	19	11113395	1769474	1835909	rs2516004072	NC_000019.10:11113394:A:T	single nucleotide variant	missense variant	Uncertain significance	Mar 17, 2017	criteria provided, single submitter	NA	NA	NA	NA	NA	NA
NM_000527.5(LDLR):c.1304A>G (p.Glu435Gly)	LDLR	E394G, E435G, E267G, E308G	Cardiovascular phenotype	VCV001769473	19	11224071	19	11113395	1769473	1835908	rs2516004072	NC_000019.10:11113394:A:G	single nucleotide variant	missense variant	Uncertain significance	Mar 17, 2017	criteria provided, single submitter	NA	NA	NA	NA	NA	NA
NM_000527.5(LDLR):c.1306G>A (p.Val436Met)	LDLR	V268M, V309M, V395M, V436M	Familial hypercholesterolemia	VCV001172265	19	11224073	19	11113397	1172265	1161506	rs2147247608	NC_000019.10:11113396:G:A	single nucleotide variant	missense variant	Uncertain significance	May 12, 2020	criteria provided, single submitter	NA	NA	NA	NA	NA	NA
NM_000527.5(LDLR):c.1309G>C (p.Ala437Pro)	LDLR	A437P, A310P, A396P, A269P	Familial hypercholesterolemia	VCV002703408	19	11224076	19	11113400	2703408	2859699	rs1223171296	NC_000019.10:11113399:G:C	single nucleotide variant	missense variant	Uncertain significance	Oct 24, 2024	criteria provided, single submitter	NA	NA	NA	NA	NA	NA
NM_000527.5(LDLR):c.1309G>A (p.Ala437Thr)	LDLR	A269T, A310T, A396T, A437T	Familial hypercholesterolemia|Dyslipidemia	VCV000979143	19	11224076	19	11113400	979143	967212	rs1223171296	NC_000019.10:11113399:G:A	single nucleotide variant	missense variant	Uncertain significance	Apr 9, 2025	criteria provided, multiple submitters, no conflicts	NA	NA	NA	NA	NA	NA
NM_000527.5(LDLR):c.1310C>T (p.Ala437Val)	LDLR	A269V, A310V, A396V, A437V	Familial hypercholesterolemia	VCV004069767	19	11224077	19	11113401	4069767	4180203	NA	NC_000019.10:11113400:C:T	single nucleotide variant	missense variant	Uncertain significance	May 12, 2025	no assertion criteria provided	NA	NA	NA	NA	NA	NA
NM_000527.5(LDLR):c.1315A>G (p.Asn439Asp)	LDLR	N271D, N312D, N398D, N439D	Hypercholesterolemia, familial, 1	VCV003073987	19	11224082	19	11113406	3073987	3232857	rs1057519670	NC_000019.10:11113405:A:G	single nucleotide variant	missense variant	Uncertain significance	Nov 30, 2023	criteria provided, single submitter	NA	NA	NA	NA	NA	NA
NM_000527.5(LDLR):c.1316A>G (p.Asn439Ser)	LDLR	N312S, N271S, N398S, N439S	Familial hypercholesterolemia	VCV002723765	19	11224083	19	11113407	2723765	2881677	rs2516004213	NC_000019.10:11113406:A:G	single nucleotide variant	missense variant	Uncertain significance	Sep 11, 2025	criteria provided, multiple submitters, no conflicts	NA	NA	NA	NA	NA	NA
NM_000527.5(LDLR):c.1317T>G (p.Asn439Lys)	LDLR	N439K, N312K, N398K, N271K	Familial hypercholesterolemia|not provided|Hypercholesterolemia, familial, 1	VCV000251780	19	11224084	19	11113408	251780	246094	rs879254860	NC_000019.10:11113407:T:G	single nucleotide variant	missense variant	Uncertain significance	Aug 13, 2024	criteria provided, multiple submitters, no conflicts	NA	NA	NA	NA	NA	NA
NM_000527.5(LDLR):c.1321A>G (p.Ile441Val)	LDLR	I273V, I314V, I400V, I441V	Familial hypercholesterolemia|Cardiovascular phenotype	VCV004756132	19	11224088	19	11113412	4756132	4867470	NA	NC_000019.10:11113411:A:G	single nucleotide variant	missense variant	Uncertain significance	May 7, 2026	criteria provided, multiple submitters, no conflicts	NA	NA	NA	NA	NA	NA
NM_000527.5(LDLR):c.1322T>A (p.Ile441Asn)	LDLR	I441N, I314N, I273N, I400N	Hypercholesterolemia, familial, 1	VCV000251782	19	11224089	19	11113413	251782	246096	rs879254862	NC_000019.10:11113412:T:A	single nucleotide variant	missense variant	Uncertain significance	Jan 17, 2022	reviewed by expert panel	NA	NA	NA	NA	NA	NA
NM_000527.5(LDLR):c.1323C>G (p.Ile441Met)	LDLR	I441M, I400M, I273M, I314M	Hypercholesterolemia, familial, 1	VCV000251784	19	11224090	19	11113414	251784	246098	rs5933	NC_000019.10:11113413:C:G	single nucleotide variant	missense variant	Uncertain significance	Jan 17, 2022	reviewed by expert panel	NA	NA	NA	NA	NA	NA
NM_000527.5(LDLR):c.1335C>G (p.Asp445Glu)	LDLR	D318E, D404E, D445E, D277E	Familial hypercholesterolemia|Hypercholesterolemia, familial, 1	VCV000661768	19	11224102	19	11113426	661768	647621	rs749780672	NC_000019.10:11113425:C:G	single nucleotide variant	missense variant	Uncertain significance	Jun 25, 2025	criteria provided, multiple submitters, no conflicts	NA	NA	NA	NA	NA	NA
NM_000527.5(LDLR):c.1336C>A (p.Leu446Met)	LDLR	L446M, L405M, L278M, L319M	Familial hypercholesterolemia|not provided|Hypercholesterolemia, familial, 1	VCV000406169	19	11224103	19	11113427	406169	403128	rs375651668	NC_000019.10:11113426:C:A	single nucleotide variant	missense variant	Uncertain significance	Dec 18, 2023	criteria provided, multiple submitters, no conflicts	NA	NA	NA	NA	NA	NA
NM_000527.5(LDLR):c.1340C>T (p.Ser447Phe)	LDLR	S447F, S279F, S406F, S320F	Familial hypercholesterolemia	VCV002795606	19	11224107	19	11113431	2795606	2961478	rs879254870	NC_000019.10:11113430:C:T	single nucleotide variant	missense variant	Uncertain significance	Jan 3, 2023	criteria provided, single submitter	NA	NA	NA	NA	NA	NA
NM_000527.5(LDLR):c.1343A>G (p.Gln448Arg)	LDLR	Q280R, Q321R, Q407R, Q448R	not provided	VCV003343857	19	11224110	19	11113434	3343857	3503089	NA	NC_000019.10:11113433:A:G	single nucleotide variant	missense variant	Uncertain significance	Sep 19, 2023	criteria provided, single submitter	NA	NA	NA	NA	NA	NA
NM_000527.5(LDLR):c.1346G>T (p.Arg449Ile)	LDLR	R322I, R281I, R449I, R408I	Familial hypercholesterolemia	VCV002180088	19	11224113	19	11113437	2180088	1912673	rs2077412020	NC_000019.10:11113436:G:T	single nucleotide variant	missense variant	Uncertain significance	Dec 27, 2021	criteria provided, single submitter	NA	NA	NA	NA	NA	NA
NM_000527.5(LDLR):c.1351A>G (p.Ile451Val)	LDLR	I283V, I324V, I410V, I451V	Hypercholesterolemia, familial, 1	VCV002627410	19	11224118	19	11113442	2627410	2794927	rs879254873	NC_000019.10:11113441:A:G	single nucleotide variant	missense variant	Uncertain significance	NA	criteria provided, single submitter	NA	NA	NA	NA	NA	NA
NM_000527.5(LDLR):c.1353C>G (p.Ile451Met)	LDLR	I283M, I324M, I410M, I451M	not provided	VCV002681993	19	11224120	19	11113444	2681993	2843026	rs1301796529	NC_000019.10:11113443:C:G	single nucleotide variant	missense variant	Uncertain significance	Aug 22, 2023	criteria provided, single submitter	NA	NA	NA	NA	NA	NA
NM_000527.5(LDLR):c.1355G>T (p.Cys452Phe)	LDLR	C284F, C325F, C411F, C452F	not provided	VCV000684867	19	11224122	19	11113446	684867	672450	rs1365474464	NC_000019.10:11113445:G:T	single nucleotide variant	missense variant	Uncertain significance	NA	criteria provided, single submitter	NA	NA	NA	NA	NA	NA
NM_000527.5(LDLR):c.1357A>G (p.Ser453Gly)	LDLR	S285G, S326G, S453G, S412G	Familial hypercholesterolemia	VCV002980317	19	11224124	19	11113448	2980317	3131627	rs772262171	NC_000019.10:11113447:A:G	single nucleotide variant	missense variant	Uncertain significance	Jan 25, 2024	criteria provided, single submitter	NA	NA	NA	NA	NA	NA
NM_000527.5(LDLR):c.1358G>A (p.Ser453Asn)	LDLR	S285N, S326N, S412N, S453N	Hypercholesterolemia, familial, 1	VCV004857494	19	11224125	19	11113449	4857494	4968414	NA	NC_000019.10:11113448:G:A	single nucleotide variant	missense variant	Uncertain significance	Sep 11, 2023	no assertion criteria provided	NA	NA	NA	NA	NA	NA
NM_000527.5(LDLR):c.1360A>G (p.Thr454Ala)	LDLR	T286A, T327A, T413A, T454A	Familial hypercholesterolemia	VCV004758625	19	11224212	19	11113536	4758625	4869955	NA	NC_000019.10:11113535:A:G	single nucleotide variant	missense variant	Uncertain significance	Jul 10, 2024	criteria provided, single submitter	NA	NA	NA	NA	NA	NA
NM_000527.5(LDLR):c.1361C>T (p.Thr454Ile)	LDLR	T286I, T327I, T413I, T454I	Familial hypercholesterolemia	VCV004069770	19	11224213	19	11113537	4069770	4180206	NA	NC_000019.10:11113536:C:T	single nucleotide variant	missense variant	Uncertain significance	Apr 11, 2025	no assertion criteria provided	NA	NA	NA	NA	NA	NA
NM_000527.5(LDLR):c.1361C>G (p.Thr454Ser)	LDLR	T454S, T327S, T413S, T286S	Familial hypercholesterolemia	VCV003654350	19	11224213	19	11113537	3654350	3782501	NA	NC_000019.10:11113536:C:G	single nucleotide variant	missense variant	Uncertain significance	May 23, 2024	criteria provided, single submitter	NA	NA	NA	NA	NA	NA
NM_000527.5(LDLR):c.1366C>T (p.Leu456Phe)	LDLR	L456F, L288F, L329F, L415F	Hypercholesterolemia, familial, 1	VCV000926526	19	11224218	19	11113542	926526	914748	rs761004553	NC_000019.10:11113541:C:T	single nucleotide variant	missense variant	Uncertain significance	Jun 23, 2023	reviewed by expert panel	NA	NA	NA	NA	NA	NA
NM_000527.5(LDLR):c.1367T>C (p.Leu456Pro)	LDLR	L456P, L329P, L288P, L415P	Hypercholesterolemia, familial, 1	VCV000440637	19	11224219	19	11113543	440637	434288	rs200143634	NC_000019.10:11113542:T:C	single nucleotide variant	missense variant	Uncertain significance	Jun 23, 2024	reviewed by expert panel	NA	NA	NA	NA	NA	NA
NM_000527.5(LDLR):c.1367T>A (p.Leu456His)	LDLR	L456H, L329H, L288H, L415H	Hypercholesterolemia, familial, 1	VCV000251817	19	11224219	19	11113543	251817	246130	rs200143634	NC_000019.10:11113542:T:A	single nucleotide variant	missense variant	Uncertain significance	Jun 23, 2023	reviewed by expert panel	NA	NA	NA	NA	NA	NA
NM_000527.5(LDLR):c.1369G>C (p.Asp457His)	LDLR	D289H, D416H, D457H, D330H	Familial hypercholesterolemia	VCV002773516	19	11224221	19	11113545	2773516	2934249	rs2516005278	NC_000019.10:11113544:G:C	single nucleotide variant	missense variant	Uncertain significance	Mar 18, 2023	criteria provided, single submitter	NA	NA	NA	NA	NA	NA
NM_000527.5(LDLR):c.1370A>G (p.Asp457Gly)	LDLR	D289G, D330G, D416G, D457G	not specified	VCV002577319	19	11224222	19	11113546	2577319	2742217	rs2516005297	NC_000019.10:11113545:A:G	single nucleotide variant	missense variant	Uncertain significance	Jul 16, 2023	criteria provided, single submitter	NA	NA	NA	NA	NA	NA
NM_000527.5(LDLR):c.1371C>G (p.Asp457Glu)	LDLR	D289E, D330E, D416E, D457E	Familial hypercholesterolemia	VCV004813632	19	11224223	19	11113547	4813632	4924796	NA	NC_000019.10:11113546:C:G	single nucleotide variant	missense variant	Uncertain significance	Feb 25, 2026	criteria provided, single submitter	NA	NA	NA	NA	NA	NA
NM_000527.5(LDLR):c.1378C>T (p.His460Tyr)	LDLR	H292Y, H333Y, H419Y, H460Y	Familial hypercholesterolemia	VCV004802600	19	11224230	19	11113554	4802600	4919752	NA	NC_000019.10:11113553:C:T	single nucleotide variant	missense variant	Uncertain significance	Mar 17, 2025	criteria provided, single submitter	NA	NA	NA	NA	NA	NA
NM_000527.5(LDLR):c.1381G>A (p.Gly461Ser)	LDLR	G461S, G420S, G293S, G334S	Hypercholesterolemia, familial, 1	VCV000036456	19	11224233	19	11113557	36456	45119	rs193922568	NC_000019.10:11113556:G:A	single nucleotide variant	missense variant	Uncertain significance	Feb 23, 2024	reviewed by expert panel	NA	NA	NA	NA	NA	NA
NM_000527.5(LDLR):c.1393T>A (p.Tyr465Asn)	LDLR	Y465N, Y338N, Y297N, Y424N	Hypercholesterolemia, familial, 1	VCV000183114	19	11224245	19	11113569	183114	181256	rs730882101	NC_000019.10:11113568:T:A	single nucleotide variant	missense variant	Uncertain significance	Apr 28, 2023	reviewed by expert panel	NA	NA	NA	NA	NA	NA
NM_000527.5(LDLR):c.1394A>G (p.Tyr465Cys)	LDLR	Y465C, Y424C, Y338C, Y297C	Hypercholesterolemia, familial, 1	VCV000251826	19	11224246	19	11113570	251826	246140	rs879254889	NC_000019.10:11113569:A:G	single nucleotide variant	missense variant	Uncertain significance	Oct 28, 2022	reviewed by expert panel	NA	NA	NA	NA	NA	NA
NM_000527.5(LDLR):c.1399_1400delinsTA (p.Thr467Tyr)	LDLR	T299Y, T467Y, T426Y, T340Y	Cardiovascular phenotype	VCV001771687	19	11224251 - 11224252	19	11113575 - 11113576	1771687	1832883	rs2516005596	NC_000019.10:11113574:AC:TA	Indel	missense variant	Uncertain significance	Jan 15, 2018	criteria provided, single submitter	NA	NA	NA	NA	NA	NA
NM_000527.5(LDLR):c.1402G>A (p.Val468Ile)	LDLR	V468I, V341I, V300I, V427I	Hypercholesterolemia, familial, 1	VCV000183115	19	11224254	19	11113578	183115	181257	rs5932	NC_000019.10:11113577:G:A	single nucleotide variant	missense variant	Uncertain significance	Aug 29, 2022	reviewed by expert panel	NA	NA	NA	NA	NA	NA
NM_000527.5(LDLR):c.1403T>C (p.Val468Ala)	LDLR	V468A, V341A, V427A, V300A	Familial hypercholesterolemia	VCV003636905	19	11224255	19	11113579	3636905	3774489	NA	NC_000019.10:11113578:T:C	single nucleotide variant	missense variant	Uncertain significance	Jan 1, 2026	criteria provided, single submitter	NA	NA	NA	NA	NA	NA
NM_000527.5(LDLR):c.1403T>A (p.Val468Asp)	LDLR	V468D, V300D, V341D, V427D	Hypercholesterolemia, familial, 1	VCV000251828	19	11224255	19	11113579	251828	246142	rs879254890	NC_000019.10:11113578:T:A	single nucleotide variant	missense variant	Uncertain significance	Apr 28, 2023	reviewed by expert panel	NA	NA	NA	NA	NA	NA
NM_000527.5(LDLR):c.1406T>A (p.Ile469Asn)	LDLR	I301N, I342N, I428N, I469N	Hypercholesterolemia, familial, 1	VCV000977990	19	11224258	19	11113582	977990	966121	rs2077415798	NC_000019.10:11113581:T:A	single nucleotide variant	missense variant	Uncertain significance	Jun 4, 2019	criteria provided, single submitter	NA	NA	NA	NA	NA	NA
NM_000527.5(LDLR):c.1412G>A (p.Arg471Lys)	LDLR	R471K, R303K, R344K, R430K	Hypercholesterolemia, familial, 1	VCV000430776	19	11224264	19	11113588	430776	424320	rs1131692207	NC_000019.10:11113587:G:A	single nucleotide variant	missense variant	Uncertain significance	Jun 23, 2023	reviewed by expert panel	NA	NA	NA	NA	NA	NA
NM_000527.5(LDLR):c.1413_1414delinsGA (p.Asp472Asn)	LDLR	D304N, D345N, D472N, D431N	Hypercholesterolemia, familial, 1	VCV000927821	19	11224265 - 11224266	19	11113589 - 11113590	927821	914751	rs2077416170	NC_000019.10:11113588:AG:GA	Indel	missense variant	Uncertain significance	Jan 31, 2025	reviewed by expert panel	NA	NA	NA	NA	NA	NA
NM_000527.5(LDLR):c.1414G>A (p.Asp472Asn)	LDLR	D472N, D431N, D304N, D345N	Hypercholesterolemia, familial, 1	VCV000633286	19	11224266	19	11113590	633286	621623	rs730882102	NC_000019.10:11113589:G:A	single nucleotide variant	missense variant	Uncertain significance	Jan 31, 2025	reviewed by expert panel	NA	NA	NA	NA	NA	NA
NM_000527.5(LDLR):c.1415A>G (p.Asp472Gly)	LDLR	D304G, D345G, D431G, D472G	Familial hypercholesterolemia	VCV004802601	19	11224267	19	11113591	4802601	4919753	NA	NC_000019.10:11113590:A:G	single nucleotide variant	missense variant	Uncertain significance	Apr 2, 2025	criteria provided, single submitter	NA	NA	NA	NA	NA	NA
NM_000527.5(LDLR):c.1418T>G (p.Ile473Ser)	LDLR	I473S, I346S, I432S, I305S	Hypercholesterolemia, familial, 1	VCV000548075	19	11224270	19	11113594	548075	538572	rs879254895	NC_000019.10:11113593:T:G	single nucleotide variant	missense variant	Uncertain significance	Jan 2, 2018	criteria provided, single submitter	NA	NA	NA	NA	NA	NA
NM_000527.5(LDLR):c.1419C>G (p.Ile473Met)	LDLR	I305M, I346M, I432M, I473M	Cardiovascular phenotype	VCV004859178	19	11224271	19	11113595	4859178	4972729	NA	NC_000019.10:11113594:C:G	single nucleotide variant	missense variant	Uncertain significance	Jun 3, 2026	criteria provided, single submitter	NA	NA	NA	NA	NA	NA
NM_000527.5(LDLR):c.1422G>T (p.Gln474His)	LDLR	Q474H, Q347H, Q306H, Q433H	Familial hypercholesterolemia	VCV001440720	19	11224274	19	11113598	1440720	1361868	rs2147248583	NC_000019.10:11113597:G:T	single nucleotide variant	missense variant	Uncertain significance	Aug 15, 2022	criteria provided, single submitter	NA	NA	NA	NA	NA	NA
NM_000527.5(LDLR):c.1424C>G (p.Ala475Gly)	LDLR	A307G, A348G, A434G, A475G	Familial hypercholesterolemia	VCV004758148	19	11224276	19	11113600	4758148	4869481	NA	NC_000019.10:11113599:C:G	single nucleotide variant	missense variant	Uncertain significance	Oct 7, 2025	criteria provided, single submitter	NA	NA	NA	NA	NA	NA
NM_000527.5(LDLR):c.1427C>G (p.Pro476Arg)	LDLR	P435R, P476R, P349R, P308R	Familial hypercholesterolemia	VCV002910451	19	11224279	19	11113603	2910451	3072919	rs1131692208	NC_000019.10:11113602:C:G	single nucleotide variant	missense variant	Uncertain significance	Jul 29, 2025	criteria provided, single submitter	NA	NA	NA	NA	NA	NA
NM_000527.5(LDLR):c.1429G>A (p.Asp477Asn)	LDLR	D477N, D436N, D309N, D350N	Hypercholesterolemia, familial, 1	VCV000251838	19	11224281	19	11113605	251838	246152	rs780316072	NC_000019.10:11113604:G:A	single nucleotide variant	missense variant	Uncertain significance	Feb 28, 2025	reviewed by expert panel	NA	NA	NA	NA	NA	NA
NM_000527.5(LDLR):c.1431C>G (p.Asp477Glu)	LDLR	D309E, D350E, D436E, D477E	Hypercholesterolemia, familial, 1	VCV001713361	19	11224283	19	11113607	1713361	1777256	rs368610522	NC_000019.10:11113606:C:G	single nucleotide variant	missense variant	Uncertain significance	Feb 28, 2025	reviewed by expert panel	NA	NA	NA	NA	NA	NA
NM_000527.5(LDLR):c.1432G>T (p.Gly478Trp)	LDLR	G478W, G310W, G351W, G437W	Hypercholesterolemia, familial, 1	VCV000548076	19	11224284	19	11113608	548076	538573	rs144614838	NC_000019.10:11113607:G:T	single nucleotide variant	missense variant	Uncertain significance	Jan 28, 2022	reviewed by expert panel	NA	NA	NA	NA	NA	NA
NM_000527.5(LDLR):c.1435C>G (p.Leu479Val)	LDLR	L479V, L311V, L438V, L352V	Hypercholesterolemia, familial, 1	VCV000440643	19	11224287	19	11113611	440643	434294	rs1254928151	NC_000019.10:11113610:C:G	single nucleotide variant	missense variant	Uncertain significance	Feb 23, 2024	reviewed by expert panel	NA	NA	NA	NA	NA	NA
NM_000527.5(LDLR):c.1436T>C (p.Leu479Pro)	LDLR	L479P, L352P, L438P, L311P	Hypercholesterolemia, familial, 1	VCV000251840	19	11224288	19	11113612	251840	246154	rs879254900	NC_000019.10:11113611:T:C	single nucleotide variant	missense variant	Uncertain significance	Feb 23, 2024	reviewed by expert panel	NA	NA	NA	NA	NA	NA
NM_000527.5(LDLR):c.1441G>A (p.Val481Met)	LDLR	V481M, V313M, V440M, V354M	Hypercholesterolemia, familial, 1	VCV000251843	19	11224293	19	11113617	251843	246157	rs879254903	NC_000019.10:11113616:G:A	single nucleotide variant	missense variant	Uncertain significance	Feb 28, 2025	reviewed by expert panel	NA	NA	NA	NA	NA	NA
NM_000527.5(LDLR):c.1444G>T (p.Asp482Tyr)	LDLR	D482Y, D355Y, D314Y, D441Y	Hypercholesterolemia, familial, 1	VCV000251845	19	11224296	19	11113620	251845	246159	rs139624145	NC_000019.10:11113619:G:T	single nucleotide variant	missense variant	Uncertain significance	Jun 23, 2023	reviewed by expert panel	NA	NA	NA	NA	NA	NA
NM_000527.5(LDLR):c.1447T>C (p.Trp483Arg)	LDLR	W483R, W356R, W442R, W315R	Hypercholesterolemia, familial, 1	VCV000251847	19	11224299	19	11113623	251847	246161	rs879254905	NC_000019.10:11113622:T:C	single nucleotide variant	missense variant	Uncertain significance	Apr 29, 2023	reviewed by expert panel	NA	NA	NA	NA	NA	NA
NM_000527.5(LDLR):c.1448G>T (p.Trp483Leu)	LDLR	W483L, W442L, W315L, W356L	Hypercholesterolemia, familial, 1	VCV000440645	19	11224300	19	11113624	440645	434296	rs875989921	NC_000019.10:11113623:G:T	single nucleotide variant	missense variant	Uncertain significance	Apr 29, 2023	reviewed by expert panel	NA	NA	NA	NA	NA	NA
NM_000527.5(LDLR):c.1449G>C (p.Trp483Cys)	LDLR	W483C, W315C, W356C, W442C	Hypercholesterolemia, familial, 1	VCV000440646	19	11224301	19	11113625	440646	434297	rs879254907	NC_000019.10:11113624:G:C	single nucleotide variant	missense variant	Uncertain significance	Apr 29, 2023	reviewed by expert panel	NA	NA	NA	NA	NA	NA
NM_000527.5(LDLR):c.1449G>T (p.Trp483Cys)	LDLR	W483C, W442C, W315C, W356C	Hypercholesterolemia, familial, 1	VCV000251850	19	11224301	19	11113625	251850	246163	rs879254907	NC_000019.10:11113624:G:T	single nucleotide variant	missense variant	Uncertain significance	Apr 28, 2023	reviewed by expert panel	NA	NA	NA	NA	NA	NA
NM_000527.5(LDLR):c.1450A>G (p.Ile484Val)	LDLR	I357V, I443V, I484V, I316V	Familial hypercholesterolemia	VCV001345847	19	11224302	19	11113626	1345847	1452714	rs2147248832	NC_000019.10:11113625:A:G	single nucleotide variant	missense variant	Uncertain significance	Aug 15, 2022	criteria provided, single submitter	NA	NA	NA	NA	NA	NA
NM_000527.5(LDLR):c.1456A>G (p.Ser486Gly)	LDLR	S486G, S359G, S318G, S445G	Hypercholesterolemia, familial, 1	VCV000251852	19	11224308	19	11113632	251852	246166	rs879254909	NC_000019.10:11113631:A:G	single nucleotide variant	missense variant	Uncertain significance	Oct 28, 2024	reviewed by expert panel	NA	NA	NA	NA	NA	NA
NM_000527.5(LDLR):c.1457G>A (p.Ser486Asn)	LDLR	S486N, S445N, S318N, S359N	Hypercholesterolemia, familial, 1	VCV000251853	19	11224309	19	11113633	251853	246167	rs879254910	NC_000019.10:11113632:G:A	single nucleotide variant	missense variant	Uncertain significance	Oct 28, 2024	reviewed by expert panel	NA	NA	NA	NA	NA	NA
NM_000527.5(LDLR):c.1460A>G (p.Asn487Ser)	LDLR	N487S, N446S, N319S, N360S	Hypercholesterolemia, familial, 1	VCV000251855	19	11224312	19	11113636	251855	246168	rs879254912	NC_000019.10:11113635:A:G	single nucleotide variant	missense variant	Uncertain significance	Feb 20, 2025	reviewed by expert panel	NA	NA	NA	NA	NA	NA
NM_000527.5(LDLR):c.1463T>G (p.Ile488Ser)	LDLR	I488S, I320S, I361S, I447S	Hypercholesterolemia, familial, 1	VCV000251858	19	11224315	19	11113639	251858	246172	rs879254913	NC_000019.10:11113638:T:G	single nucleotide variant	missense variant	Uncertain significance	Jun 23, 2023	reviewed by expert panel	NA	NA	NA	NA	NA	NA
NM_000527.5(LDLR):c.1464C>G (p.Ile488Met)	LDLR	I320M, I361M, I447M, I488M	Familial hypercholesterolemia	VCV004850682	19	11224316	19	11113640	4850682	4961700	NA	NC_000019.10:11113639:C:G	single nucleotide variant	missense variant	Uncertain significance	Apr 27, 2026	criteria provided, single submitter	NA	NA	NA	NA	NA	NA
NM_000527.5(LDLR):c.1469G>C (p.Trp490Ser)	LDLR	W322S, W363S, W449S, W490S	Hypercholesterolemia, familial, 1	VCV003072613	19	11224321	19	11113645	3072613	3231054	rs875989922	NC_000019.10:11113644:G:C	single nucleotide variant	missense variant	Uncertain significance	Aug 8, 2023	criteria provided, single submitter	NA	NA	NA	NA	NA	NA
NM_000527.5(LDLR):c.1471A>G (p.Thr491Ala)	LDLR	T323A, T450A, T491A, T364A	Familial hypercholesterolemia	VCV003002051	19	11224323	19	11113647	3002051	3157228	rs2516006358	NC_000019.10:11113646:A:G	single nucleotide variant	missense variant	Uncertain significance	Sep 28, 2023	criteria provided, single submitter	NA	NA	NA	NA	NA	NA
NM_000527.5(LDLR):c.1475A>T (p.Asp492Val)	LDLR	D324V, D365V, D451V, D492V	not provided	VCV003253447	19	11224327	19	11113651	3253447	3412241	rs879254918	NC_000019.10:11113650:A:T	single nucleotide variant	missense variant	Uncertain significance	Dec 12, 2023	criteria provided, single submitter	NA	NA	NA	NA	NA	NA
NM_000527.5(LDLR):c.1477T>C (p.Ser493Pro)	LDLR	S325P, S366P, S452P, S493P	Familial hypercholesterolemia	VCV004069783	19	11224329	19	11113653	4069783	4180219	NA	NC_000019.10:11113652:T:C	single nucleotide variant	missense variant	Uncertain significance	Mar 10, 2025	no assertion criteria provided	NA	NA	NA	NA	NA	NA
NM_000527.5(LDLR):c.1478C>G (p.Ser493Cys)	LDLR	S325C, S366C, S452C, S493C	Familial hypercholesterolemia|Hypercholesterolemia, familial, 1	VCV003071618	19	11224330	19	11113654	3071618	3233884	rs1200606535	NC_000019.10:11113653:C:G	single nucleotide variant	missense variant	Uncertain significance	Jun 23, 2025	criteria provided, multiple submitters, no conflicts	NA	NA	NA	NA	NA	NA
NM_000527.5(LDLR):c.1480G>A (p.Val494Ile)	LDLR	V326I, V367I, V453I, V494I	LDLR-related disorder	VCV003353360	19	11224332	19	11113656	3353360	3512581	NA	NC_000019.10:11113655:G:A	single nucleotide variant	missense variant	Uncertain significance	Mar 11, 2024	no assertion criteria provided	NA	NA	NA	NA	NA	NA
NM_000527.5(LDLR):c.1483C>G (p.Leu495Val)	LDLR	L327V, L368V, L454V, L495V	not specified|Hypercholesterolemia, familial, 1	VCV003072881	19	11224335	19	11113659	3072881	3229152	rs2077418963	NC_000019.10:11113658:C:G	single nucleotide variant	missense variant	Uncertain significance	Aug 20, 2024	criteria provided, multiple submitters, no conflicts	NA	NA	NA	NA	NA	NA
NM_000527.5(LDLR):c.1484T>G (p.Leu495Arg)	LDLR	L495R, L327R, L368R, L454R	Familial hypercholesterolemia	VCV001482524	19	11224336	19	11113660	1482524	1441889	rs1370312225	NC_000019.10:11113659:T:G	single nucleotide variant	missense variant	Uncertain significance	Dec 9, 2021	criteria provided, single submitter	NA	NA	NA	NA	NA	NA
NM_000527.5(LDLR):c.1486G>A (p.Gly496Ser)	LDLR	G369S, G455S, G496S, G328S	Cardiovascular phenotype	VCV003866808	19	11224338	19	11113662	3866808	3984325	NA	NC_000019.10:11113661:G:A	single nucleotide variant	missense variant	Uncertain significance	Feb 26, 2025	criteria provided, single submitter	NA	NA	NA	NA	NA	NA
NM_000527.5(LDLR):c.1487G>C (p.Gly496Ala)	LDLR	G328A, G369A, G455A, G496A	not provided	VCV004883546	19	11224339	19	11113663	4883546	4992189	NA	NC_000019.10:11113662:G:C	single nucleotide variant	missense variant	Uncertain significance	Nov 12, 2025	no assertion criteria provided	NA	NA	NA	NA	NA	NA
NM_000527.5(LDLR):c.1489A>G (p.Thr497Ala)	LDLR	T329A, T456A, T497A, T370A	not specified|Familial hypercholesterolemia	VCV000922705	19	11224341	19	11113665	922705	914753	rs879254920	NC_000019.10:11113664:A:G	single nucleotide variant	missense variant	Uncertain significance	Mar 13, 2026	criteria provided, multiple submitters, no conflicts	NA	NA	NA	NA	NA	NA
NM_000527.5(LDLR):c.1490C>A (p.Thr497Asn)	LDLR	T456N, T497N, T329N, T370N	Cardiovascular phenotype	VCV004046739	19	11224342	19	11113666	4046739	4163315	NA	NC_000019.10:11113665:C:A	single nucleotide variant	missense variant	Uncertain significance	May 12, 2025	criteria provided, single submitter	NA	NA	NA	NA	NA	NA
NM_000527.5(LDLR):c.1492G>C (p.Val498Leu)	LDLR	V330L, V371L, V457L, V498L	Familial hypercholesterolemia	VCV002773517	19	11224344	19	11113668	2773517	2934250	rs759139712	NC_000019.10:11113667:G:C	single nucleotide variant	missense variant	Uncertain significance	Dec 11, 2023	criteria provided, single submitter	NA	NA	NA	NA	NA	NA
NM_000527.5(LDLR):c.1495T>A (p.Ser499Thr)	LDLR	S458T, S331T, S372T, S499T	not provided	VCV003572129	19	11224347	19	11113671	3572129	3731030	NA	NC_000019.10:11113670:T:A	single nucleotide variant	missense variant	Uncertain significance	Oct 12, 2023	criteria provided, single submitter	NA	NA	NA	NA	NA	NA
NM_000527.5(LDLR):c.1496C>G (p.Ser499Cys)	LDLR	S372C, S331C, S458C, S499C	Hypercholesterolemia, familial, 1	VCV000919898	19	11224348	19	11113672	919898	914754	rs766929574	NC_000019.10:11113671:C:G	single nucleotide variant	missense variant	Uncertain significance	Feb 23, 2024	reviewed by expert panel	NA	NA	NA	NA	NA	NA
NM_000527.5(LDLR):c.1499T>C (p.Val500Ala)	LDLR	V500A, V459A, V332A, V373A	Hypercholesterolemia, familial, 1	VCV000265903	19	11224351	19	11113675	265903	260661	rs886039833	NC_000019.10:11113674:T:C	single nucleotide variant	missense variant	Uncertain significance	Mar 1, 2016	criteria provided, single submitter	NA	NA	NA	NA	NA	NA
NM_000527.5(LDLR):c.1501_1502delinsAG (p.Ala501Arg)	LDLR	A460R, A501R, A333R, A374R	Familial hypercholesterolemia	VCV004710834	19	11224353 - 11224354	19	11113677 - 11113678	4710834	4830911	NA	NC_000019.10:11113676:GC:AG	Indel	missense variant	Uncertain significance	Jun 23, 2025	criteria provided, single submitter	NA	NA	NA	NA	NA	NA
NM_000527.5(LDLR):c.1502C>G (p.Ala501Gly)	LDLR	A333G, A374G, A460G, A501G	Hypercholesterolemia, familial, 1	VCV000977994	19	11224354	19	11113678	977994	966124	rs755667663	NC_000019.10:11113677:C:G	single nucleotide variant	missense variant	Uncertain significance	Dec 6, 2018	criteria provided, single submitter	NA	NA	NA	NA	NA	NA
NM_000527.5(LDLR):c.1504G>A (p.Asp502Asn)	LDLR	D334N, D375N, D461N, D502N	Familial hypercholesterolemia	VCV004069798	19	11224356	19	11113680	4069798	4180234	NA	NC_000019.10:11113679:G:A	single nucleotide variant	missense variant	Uncertain significance	Jan 13, 2025	no assertion criteria provided	NA	NA	NA	NA	NA	NA
NM_000527.5(LDLR):c.1504G>T (p.Asp502Tyr)	LDLR	D502Y, D334Y, D375Y, D461Y	Hypercholesterolemia, familial, 1	VCV000251877	19	11224356	19	11113680	251877	246191	rs879254925	NC_000019.10:11113679:G:T	single nucleotide variant	missense variant	Uncertain significance	Feb 28, 2025	reviewed by expert panel	NA	NA	NA	NA	NA	NA
NM_000527.5(LDLR):c.1507A>T (p.Thr503Ser)	LDLR	T335S, T376S, T462S, T503S	not specified	VCV003374989	19	11224359	19	11113683	3374989	3534177	NA	NC_000019.10:11113682:A:T	single nucleotide variant	missense variant	Uncertain significance	Sep 9, 2024	criteria provided, single submitter	NA	NA	NA	NA	NA	NA
NM_000527.5(LDLR):c.1514G>C (p.Gly505Ala)	LDLR	G378A, G505A, G337A, G464A	Cardiovascular phenotype	VCV002618913	19	11224366	19	11113690	2618913	2782658	rs879254926	NC_000019.10:11113689:G:C	single nucleotide variant	missense variant	Uncertain significance	Aug 25, 2023	criteria provided, single submitter	NA	NA	NA	NA	NA	NA
NM_000527.5(LDLR):c.1516G>C (p.Val506Leu)	LDLR	V379L, V465L, V506L, V338L	Hypercholesterolemia, familial, 1	VCV000926176	19	11224368	19	11113692	926176	914755	rs373848925	NC_000019.10:11113691:G:C	single nucleotide variant	missense variant	Uncertain significance	Feb 23, 2024	reviewed by expert panel	NA	NA	NA	NA	NA	NA
NM_000527.5(LDLR):c.1516G>A (p.Val506Met)	LDLR	V506M, V338M, V465M, V379M	Hypercholesterolemia, familial, 1	VCV000251881	19	11224368	19	11113692	251881	246194	rs373848925	NC_000019.10:11113691:G:A	single nucleotide variant	missense variant	Uncertain significance	Feb 23, 2024	reviewed by expert panel	NA	NA	NA	NA	NA	NA
NM_000527.5(LDLR):c.1522A>T (p.Arg508Trp)	LDLR	R340W, R381W, R467W, R508W	not specified	VCV000928518	19	11224374	19	11113698	928518	917289	rs2077420485	NC_000019.10:11113697:A:T	single nucleotide variant	missense variant	Uncertain significance	Feb 11, 2019	criteria provided, single submitter	NA	NA	NA	NA	NA	NA
NM_000527.5(LDLR):c.1523G>A (p.Arg508Lys)	LDLR	R467K, R340K, R381K, R508K	Familial hypercholesterolemia	VCV003636906	19	11224375	19	11113699	3636906	3774490	NA	NC_000019.10:11113698:G:A	single nucleotide variant	missense variant	Uncertain significance	Oct 7, 2024	criteria provided, single submitter	NA	NA	NA	NA	NA	NA
NM_000527.5(LDLR):c.1529C>T (p.Thr510Met)	LDLR	T510M, T342M, T469M, T383M	Hypercholesterolemia, familial, 1	VCV000251886	19	11224381	19	11113705	251886	246200	rs755154048	NC_000019.10:11113704:C:T	single nucleotide variant	missense variant	Uncertain significance	Aug 30, 2024	reviewed by expert panel	NA	NA	NA	NA	NA	NA
NM_000527.5(LDLR):c.1533A>T (p.Leu511Phe)	LDLR	L511F, L343F, L470F, L384F	Cardiovascular phenotype|Familial hypercholesterolemia|not specified	VCV000630671	19	11224385	19	11113709	630671	618949	rs1568604780	NC_000019.10:11113708:A:T	single nucleotide variant	missense variant	Uncertain significance	Nov 4, 2024	criteria provided, multiple submitters, no conflicts	NA	NA	NA	NA	NA	NA
NM_000527.5(LDLR):c.1540G>A (p.Glu514Lys)	LDLR	E473K, E514K, E346K, E387K	Familial hypercholesterolemia	VCV000924425	19	11224392	19	11113716	924425	914757	rs1555805507	NC_000019.10:11113715:G:A	single nucleotide variant	missense variant	Uncertain significance	Mar 6, 2024	criteria provided, single submitter	NA	NA	NA	NA	NA	NA
NM_000527.5(LDLR):c.1549T>G (p.Ser517Ala)	LDLR	S517A, S349A, S390A, S476A	Cardiovascular phenotype	VCV002447491	19	11224401	19	11113725	2447491	2432385	rs879254936	NC_000019.10:11113724:T:G	single nucleotide variant	missense variant	Uncertain significance	Nov 3, 2022	criteria provided, single submitter	NA	NA	NA	NA	NA	NA
NM_000527.5(LDLR):c.1552A>G (p.Lys518Glu)	LDLR	K518E, K391E, K350E, K477E	Hypercholesterolemia, familial, 1	VCV000251894	19	11224404	19	11113728	251894	246208	rs879254937	NC_000019.10:11113727:A:G	single nucleotide variant	missense variant	Uncertain significance	Apr 28, 2023	reviewed by expert panel	NA	NA	NA	NA	NA	NA
NM_000527.5(LDLR):c.1553A>G (p.Lys518Arg)	LDLR	K518R, K391R, K477R, K350R	Hypercholesterolemia, familial, 1	VCV000251895	19	11224405	19	11113729	251895	246209	rs879254938	NC_000019.10:11113728:A:G	single nucleotide variant	missense variant	Uncertain significance	Aug 26, 2022	reviewed by expert panel	NA	NA	NA	NA	NA	NA
NM_000527.5(LDLR):c.1554G>C (p.Lys518Asn)	LDLR	K350N, K391N, K477N, K518N	Familial hypercholesterolemia	VCV002763233	19	11224406	19	11113730	2763233	2928294	rs2516007261	NC_000019.10:11113729:G:C	single nucleotide variant	missense variant	Uncertain significance	Sep 25, 2023	criteria provided, single submitter	NA	NA	NA	NA	NA	NA
NM_000527.5(LDLR):c.1555C>T (p.Pro519Ser)	LDLR	P519S, P392S, P351S, P478S	Hypercholesterolemia, familial, 1	VCV000251896	19	11224407	19	11113731	251896	246210	rs875989923	NC_000019.10:11113730:C:T	single nucleotide variant	missense variant	Uncertain significance	Mar 4, 2025	reviewed by expert panel	NA	NA	NA	NA	NA	NA
NM_000527.5(LDLR):c.1555C>A (p.Pro519Thr)	LDLR	P519T, P392T, P478T, P351T	Hypercholesterolemia, familial, 1	VCV000226360	19	11224407	19	11113731	226360	228173	rs875989923	NC_000019.10:11113730:C:A	single nucleotide variant	missense variant	Uncertain significance	Mar 4, 2025	reviewed by expert panel	NA	NA	NA	NA	NA	NA
NM_000527.5(LDLR):c.1559G>C (p.Arg520Thr)	LDLR	R520T, R352T, R479T, R393T	Cardiovascular phenotype	VCV003866809	19	11224411	19	11113735	3866809	3984326	NA	NC_000019.10:11113734:G:C	single nucleotide variant	missense variant	Uncertain significance	Feb 27, 2025	criteria provided, single submitter	NA	NA	NA	NA	NA	NA
NM_000527.5(LDLR):c.1559G>T (p.Arg520Met)	LDLR	R393M, R479M, R520M, R352M	Familial hypercholesterolemia	VCV002089482	19	11224411	19	11113735	2089482	2144812	rs2516007296	NC_000019.10:11113734:G:T	single nucleotide variant	missense variant	Uncertain significance	Jan 26, 2022	criteria provided, single submitter	NA	NA	NA	NA	NA	NA
NM_000527.5(LDLR):c.1560G>T (p.Arg520Ser)	LDLR	R352S, R393S, R479S, R520S	not provided	VCV003906563	19	11224412	19	11113736	3906563	4022455	NA	NC_000019.10:11113735:G:T	single nucleotide variant	missense variant	Uncertain significance	Dec 23, 2024	criteria provided, single submitter	NA	NA	NA	NA	NA	NA
NM_000527.5(LDLR):c.1562C>G (p.Ala521Gly)	LDLR	A353G, A394G, A480G, A521G	Familial hypercholesterolemia	VCV004756677	19	11224414	19	11113738	4756677	4868013	NA	NC_000019.10:11113737:C:G	single nucleotide variant	missense variant	Uncertain significance	Jun 3, 2025	criteria provided, single submitter	NA	NA	NA	NA	NA	NA
NM_000527.5(LDLR):c.1564A>T (p.Ile522Phe)	LDLR	I354F, I395F, I481F, I522F	Familial hypercholesterolemia	VCV004886979	19	11224416	19	11113740	4886979	4997801	NA	NC_000019.10:11113739:A:T	single nucleotide variant	missense variant	Uncertain significance	Jun 30, 2026	criteria provided, single submitter	NA	NA	NA	NA	NA	NA
NM_000527.5(LDLR):c.1564A>G (p.Ile522Val)	LDLR	I481V, I354V, I522V, I395V	Familial hypercholesterolemia|Hypercholesterolemia, familial, 1	VCV000919899	19	11224416	19	11113740	919899	914758	rs774337050	NC_000019.10:11113739:A:G	single nucleotide variant	missense variant	Uncertain significance	Jun 11, 2024	criteria provided, multiple submitters, no conflicts	NA	NA	NA	NA	NA	NA
NM_000527.5(LDLR):c.1564A>C (p.Ile522Leu)	LDLR	I395L, I481L, I522L, I354L	Familial hypercholesterolemia	VCV000641383	19	11224416	19	11113740	641383	647625	rs774337050	NC_000019.10:11113739:A:C	single nucleotide variant	missense variant	Uncertain significance	Jun 24, 2025	criteria provided, single submitter	NA	NA	NA	NA	NA	NA
NM_000527.5(LDLR):c.1565T>G (p.Ile522Ser)	LDLR	I522S, I395S, I481S, I354S	Hypercholesterolemia, familial, 1	VCV000431529	19	11224417	19	11113741	431529	425043	rs1135402775	NC_000019.10:11113740:T:G	single nucleotide variant	missense variant	Uncertain significance	Mar 1, 2016	criteria provided, single submitter	NA	NA	NA	NA	NA	NA
NM_000527.5(LDLR):c.1571T>G (p.Val524Gly)	LDLR	V524G, V356G, V397G, V483G	Hypercholesterolemia, familial, 1	VCV000251901	19	11224423	19	11113747	251901	246215	rs879254942	NC_000019.10:11113746:T:G	single nucleotide variant	missense variant	Uncertain significance	Mar 24, 2025	reviewed by expert panel	NA	NA	NA	NA	NA	NA
NM_000527.5(LDLR):c.1573G>C (p.Asp525His)	LDLR	D357H, D398H, D484H, D525H	Hypercholesterolemia, familial, 1	VCV003775368	19	11224425	19	11113749	3775368	3891517	NA	NC_000019.10:11113748:G:C	single nucleotide variant	missense variant	Uncertain significance	Dec 22, 2023	criteria provided, single submitter	NA	NA	NA	NA	NA	NA
NM_000527.5(LDLR):c.1574A>G (p.Asp525Gly)	LDLR	D357G, D398G, D484G, D525G	Familial hypercholesterolemia	VCV004537448	19	11224426	19	11113750	4537448	4648935	NA	NC_000019.10:11113749:A:G	single nucleotide variant	missense variant	Uncertain significance	Oct 15, 2025	criteria provided, single submitter	NA	NA	NA	NA	NA	NA
NM_000527.5(LDLR):c.1574A>C (p.Asp525Ala)	LDLR	D357A, D398A, D484A, D525A	Familial hypercholesterolemia	VCV000638890	19	11224426	19	11113750	638890	647626	rs879254943	NC_000019.10:11113749:A:C	single nucleotide variant	missense variant	Uncertain significance	Sep 6, 2018	criteria provided, single submitter	NA	NA	NA	NA	NA	NA
NM_000527.5(LDLR):c.1576C>A (p.Pro526Thr)	LDLR	P526T, P399T, P358T, P485T	Hypercholesterolemia, familial, 1	VCV000251903	19	11224428	19	11113752	251903	246217	rs730882106	NC_000019.10:11113751:C:A	single nucleotide variant	missense variant	Uncertain significance	Jan 18, 2022	reviewed by expert panel	NA	NA	NA	NA	NA	NA
NM_000527.5(LDLR):c.1576C>T (p.Pro526Ser)	LDLR	P526S, P485S, P358S, P399S	Hypercholesterolemia, familial, 1	VCV000183120	19	11224428	19	11113752	183120	181262	rs730882106	NC_000019.10:11113751:C:T	single nucleotide variant	missense variant	Uncertain significance	Jun 9, 2021	reviewed by expert panel	NA	NA	NA	NA	NA	NA
NM_000527.5(LDLR):c.1577C>A (p.Pro526His)	LDLR	P526H, P399H, P358H, P485H	Hypercholesterolemia, familial, 1	VCV000496019	19	11224429	19	11113753	496019	487798	rs879254944	NC_000019.10:11113752:C:A	single nucleotide variant	missense variant	Uncertain significance	Jan 18, 2022	reviewed by expert panel	NA	NA	NA	NA	NA	NA
NM_000527.5(LDLR):c.1577C>T (p.Pro526Leu)	LDLR	P526L, P358L, P485L, P399L	Hypercholesterolemia, familial, 1	VCV000431531	19	11224429	19	11113753	431531	425045	rs879254944	NC_000019.10:11113752:C:T	single nucleotide variant	missense variant	Uncertain significance	Jan 18, 2022	reviewed by expert panel	NA	NA	NA	NA	NA	NA
NM_000527.5(LDLR):c.1577C>G (p.Pro526Arg)	LDLR	P526R, P358R, P399R, P485R	Hypercholesterolemia, familial, 1	VCV000251904	19	11224429	19	11113753	251904	246218	rs879254944	NC_000019.10:11113752:C:G	single nucleotide variant	missense variant	Uncertain significance	Jan 18, 2022	reviewed by expert panel	NA	NA	NA	NA	NA	NA
NM_000527.5(LDLR):c.1579G>A (p.Val527Ile)	LDLR	V359I, V400I, V486I, V527I	Hypercholesterolemia, familial, 1|Familial hypercholesterolemia	VCV001171903	19	11224431	19	11113755	1171903	1161509	rs758890891	NC_000019.10:11113754:G:A	single nucleotide variant	missense variant	Uncertain significance	Mar 6, 2024	criteria provided, multiple submitters, no conflicts	NA	NA	NA	NA	NA	NA
NM_000527.5(LDLR):c.1583A>G (p.His528Arg)	LDLR	H360R, H401R, H487R, H528R	Familial hypercholesterolemia	VCV001171969	19	11224435	19	11113759	1171969	1161510	rs1489999751	NC_000019.10:11113758:A:G	single nucleotide variant	missense variant	Uncertain significance	Mar 6, 2024	criteria provided, multiple submitters, no conflicts	NA	NA	NA	NA	NA	NA
NM_000527.5(LDLR):c.1585G>T (p.Gly529Cys)	LDLR	G529C, G488C, G402C, G361C	Familial hypercholesterolemia	VCV002709807	19	11224437	19	11113761	2709807	2874705	rs730882108	NC_000019.10:11113760:G:T	single nucleotide variant	missense variant	Uncertain significance	Jul 16, 2024	criteria provided, single submitter	NA	NA	NA	NA	NA	NA
NM_000527.5(LDLR):c.1585G>A (p.Gly529Ser)	LDLR	G361S, G402S, G488S, G529S	not provided	VCV002499715	19	11224437	19	11113761	2499715	2477695	rs730882108	NC_000019.10:11113760:G:A	single nucleotide variant	missense variant	Uncertain significance	Oct 18, 2022	criteria provided, single submitter	NA	NA	NA	NA	NA	NA
NM_000527.5(LDLR):c.1588T>G (p.Phe530Val)	LDLR	F530V, F403V, F489V, F362V	Hypercholesterolemia, familial, 1	VCV000226361	19	11226771	19	11116095	226361	228174	rs875989924	NC_000019.10:11116094:T:G	single nucleotide variant	missense variant	Uncertain significance	Feb 20, 2025	reviewed by expert panel	NA	NA	NA	NA	NA	NA
NM_000527.5(LDLR):c.1590C>A (p.Phe530Leu)	LDLR	F362L, F403L, F489L, F530L	Hypercholesterolemia, familial, 1	VCV003073518	19	11226773	19	11116097	3073518	3234474	rs2512412651	NC_000019.10:11116096:C:A	single nucleotide variant	missense variant	Uncertain significance	Feb 20, 2025	reviewed by expert panel	NA	NA	NA	NA	NA	NA
NM_000527.5(LDLR):c.1595A>G (p.Tyr532Cys)	LDLR	Y532C, Y364C, Y491C, Y405C	Familial hypercholesterolemia|Cardiovascular phenotype|Hypercholesterolemia, familial, 1	VCV000403641	19	11226778	19	11116102	403641	390623	rs1060499925	NC_000019.10:11116101:A:G	single nucleotide variant	missense variant	Uncertain significance	Apr 29, 2026	criteria provided, multiple submitters, no conflicts	NA	NA	NA	NA	NA	NA
NM_000527.5(LDLR):c.1597T>G (p.Trp533Gly)	LDLR	W365G, W533G, W406G, W492G	Familial hypercholesterolemia	VCV001040877	19	11226780	19	11116104	1040877	1034088	rs879254951	NC_000019.10:11116103:T:G	single nucleotide variant	missense variant	Uncertain significance	Aug 28, 2020	criteria provided, single submitter	NA	NA	NA	NA	NA	NA
NM_000527.5(LDLR):c.1603G>C (p.Asp535His)	LDLR	D494H, D408H, D367H, D535H	Familial hypercholesterolemia	VCV002773518	19	11226786	19	11116110	2773518	2934251	rs879254955	NC_000019.10:11116109:G:C	single nucleotide variant	missense variant	Uncertain significance	Sep 12, 2023	criteria provided, single submitter	NA	NA	NA	NA	NA	NA
NM_000527.5(LDLR):c.1609G>C (p.Gly537Arg)	LDLR	G369R, G496R, G537R, G410R	Familial hypercholesterolemia	VCV002858571	19	11226792	19	11116116	2858571	3028492	rs879254958	NC_000019.10:11116115:G:C	single nucleotide variant	missense variant	Uncertain significance	Aug 11, 2023	criteria provided, single submitter	NA	NA	NA	NA	NA	NA
NM_000527.5(LDLR):c.1612A>G (p.Thr538Ala)	LDLR	T370A, T411A, T497A, T538A	Hypercholesterolemia, familial, 1|Familial hypercholesterolemia|Cardiovascular phenotype|not provided	VCV001171671	19	11226795	19	11116119	1171671	1161511	rs879254960	NC_000019.10:11116118:A:G	single nucleotide variant	missense variant	Uncertain significance	Oct 31, 2024	criteria provided, multiple submitters, no conflicts	NA	NA	NA	NA	NA	NA
NM_000527.5(LDLR):c.1613C>T (p.Thr538Ile)	LDLR	T497I, T538I, T411I, T370I	Cardiovascular phenotype|Familial hypercholesterolemia	VCV000919466	19	11226796	19	11116120	919466	914761	rs776225771	NC_000019.10:11116119:C:T	single nucleotide variant	missense variant	Uncertain significance	Jan 29, 2025	criteria provided, multiple submitters, no conflicts	NA	NA	NA	NA	NA	NA
NM_000527.5(LDLR):c.1615C>T (p.Pro539Ser)	LDLR	P498S, P371S, P412S, P539S	Familial hypercholesterolemia	VCV000926787	19	11226798	19	11116122	926787	914762	rs1222664147	NC_000019.10:11116121:C:T	single nucleotide variant	missense variant	Uncertain significance	Mar 6, 2024	criteria provided, single submitter	NA	NA	NA	NA	NA	NA
NM_000527.5(LDLR):c.1622A>G (p.Lys541Arg)	LDLR	K373R, K414R, K500R, K541R	Cardiovascular phenotype|Familial hypercholesterolemia	VCV001776625	19	11226805	19	11116129	1776625	1833901	rs2512412974	NC_000019.10:11116128:A:G	single nucleotide variant	missense variant	Uncertain significance	Feb 8, 2022	criteria provided, multiple submitters, no conflicts	NA	NA	NA	NA	NA	NA
NM_000527.5(LDLR):c.1631A>C (p.Lys544Thr)	LDLR	K503T, K417T, K376T, K544T	Familial hypercholesterolemia|Hypercholesterolemia, familial, 1	VCV000918531	19	11226814	19	11116138	918531	914763	rs2077459016	NC_000019.10:11116137:A:C	single nucleotide variant	missense variant	Uncertain significance	Sep 12, 2021	criteria provided, multiple submitters, no conflicts	NA	NA	NA	NA	NA	NA
NM_000527.5(LDLR):c.1640T>C (p.Leu547Pro)	LDLR	L547P, L420P, L379P, L506P	Hypercholesterolemia, familial, 1	VCV000251949	19	11226823	19	11116147	251949	246253	rs879254968	NC_000019.10:11116146:T:C	single nucleotide variant	missense variant	Uncertain significance	Aug 30, 2024	reviewed by expert panel	NA	NA	NA	NA	NA	NA
NM_000527.5(LDLR):c.1649T>G (p.Val550Gly)	LDLR	V550G, V423G, V382G, V509G	Familial hypercholesterolemia|not provided	VCV000920292	19	11226832	19	11116156	920292	914766	rs2077459810	NC_000019.10:11116155:T:G	single nucleotide variant	missense variant	Uncertain significance	Oct 8, 2024	criteria provided, multiple submitters, no conflicts	NA	NA	NA	NA	NA	NA
NM_000527.5(LDLR):c.1654A>G (p.Ile552Val)	LDLR	I384V, I425V, I511V, I552V	Hypercholesterolemia, familial, 1|not specified	VCV000929014	19	11226837	19	11116161	929014	917290	rs2077459948	NC_000019.10:11116160:A:G	single nucleotide variant	missense variant	Uncertain significance	Nov 20, 2023	criteria provided, multiple submitters, no conflicts	NA	NA	NA	NA	NA	NA
NM_000527.5(LDLR):c.1658A>G (p.Tyr553Cys)	LDLR	Y553C, Y512C, Y385C, Y426C	Hypercholesterolemia, familial, 1	VCV000251957	19	11226841	19	11116165	251957	246262	rs879254974	NC_000019.10:11116164:A:G	single nucleotide variant	missense variant	Uncertain significance	Mar 25, 2016	criteria provided, single submitter	NA	NA	NA	NA	NA	NA
NM_000527.5(LDLR):c.1661C>G (p.Ser554Trp)	LDLR	S386W, S427W, S513W, S554W	Hypercholesterolemia, familial, 1	VCV003231953	19	11226844	19	11116168	3231953	3385493	rs879254976	NC_000019.10:11116167:C:G	single nucleotide variant	missense variant	Uncertain significance	May 9, 2025	reviewed by expert panel	NA	NA	NA	NA	NA	NA
NM_000527.5(LDLR):c.1661C>T (p.Ser554Leu)	LDLR	S554L, S427L, S386L, S513L	Hypercholesterolemia, familial, 1	VCV000251960	19	11226844	19	11116168	251960	246265	rs879254976	NC_000019.10:11116167:C:T	single nucleotide variant	missense variant	Uncertain significance	May 9, 2025	reviewed by expert panel	NA	NA	NA	NA	NA	NA
NM_000527.5(LDLR):c.1663C>A (p.Leu555Met)	LDLR	L387M, L428M, L514M, L555M	Familial hypercholesterolemia	VCV000924384	19	11226846	19	11116170	924384	914767	rs2077460352	NC_000019.10:11116169:C:A	single nucleotide variant	missense variant	Uncertain significance	Mar 6, 2024	criteria provided, single submitter	NA	NA	NA	NA	NA	NA
NM_000527.5(LDLR):c.1669A>C (p.Thr557Pro)	LDLR	T389P, T430P, T516P, T557P	Familial hypercholesterolemia|not specified	VCV002445729	19	11226852	19	11116176	2445729	2418682	rs2512413427	NC_000019.10:11116175:A:C	single nucleotide variant	missense variant	Uncertain significance	Jun 11, 2025	criteria provided, multiple submitters, no conflicts	NA	NA	NA	NA	NA	NA
NM_000527.5(LDLR):c.1670C>T (p.Thr557Ile)	LDLR	T430I, T557I, T389I, T516I	Familial hypercholesterolemia	VCV002199252	19	11226853	19	11116177	2199252	1927520	rs1344650672	NC_000019.10:11116176:C:T	single nucleotide variant	missense variant	Uncertain significance	Mar 6, 2024	criteria provided, multiple submitters, no conflicts	NA	NA	NA	NA	NA	NA
NM_000527.5(LDLR):c.1678A>G (p.Ile560Val)	LDLR	I433V, I560V, I392V, I519V	Familial hypercholesterolemia	VCV004768485	19	11226861	19	11116185	4768485	4873292	NA	NC_000019.10:11116184:A:G	single nucleotide variant	missense variant	Uncertain significance	Jul 22, 2025	criteria provided, single submitter	NA	NA	NA	NA	NA	NA
NM_000527.5(LDLR):c.1679T>G (p.Ile560Ser)	LDLR	I392S, I433S, I519S, I560S	Familial hypercholesterolemia	VCV004812826	19	11226862	19	11116186	4812826	4923977	NA	NC_000019.10:11116185:T:G	single nucleotide variant	missense variant	Uncertain significance	Jun 4, 2024	criteria provided, single submitter	NA	NA	NA	NA	NA	NA
NM_000527.5(LDLR):c.1687C>A (p.Pro563Thr)	LDLR	P395T, P436T, P522T, P563T	Familial hypercholesterolemia	VCV001022799	19	11226870	19	11116194	1022799	1013515	rs879254986	NC_000019.10:11116193:C:A	single nucleotide variant	missense variant	Uncertain significance	Mar 17, 2020	criteria provided, single submitter	NA	NA	NA	NA	NA	NA
NM_000527.5(LDLR):c.1696A>T (p.Ile566Phe)	LDLR	I439F, I566F, I398F, I525F	Cardiovascular phenotype	VCV004843894	19	11226879	19	11116203	4843894	4956054	NA	NC_000019.10:11116202:A:T	single nucleotide variant	missense variant	Uncertain significance	Jan 6, 2026	criteria provided, single submitter	NA	NA	NA	NA	NA	NA
NM_000527.5(LDLR):c.1699A>G (p.Thr567Ala)	LDLR	T526A, T399A, T440A, T567A	Familial hypercholesterolemia	VCV000922173	19	11226882	19	11116206	922173	914769	rs1600733170	NC_000019.10:11116205:A:G	single nucleotide variant	missense variant	Uncertain significance	Jun 10, 2024	criteria provided, multiple submitters, no conflicts	NA	NA	NA	NA	NA	NA
NM_000527.5(LDLR):c.1700C>A (p.Thr567Asn)	LDLR	T567N, T399N, T526N, T440N	Cardiovascular phenotype|not provided	VCV000496020	19	11226883	19	11116207	496020	487800	rs1555806098	NC_000019.10:11116206:C:A	single nucleotide variant	missense variant	Uncertain significance	Mar 8, 2024	criteria provided, multiple submitters, no conflicts	NA	NA	NA	NA	NA	NA
NM_000527.5(LDLR):c.1706A>G (p.Asp569Gly)	LDLR	D528G, D569G, D442G, D401G	Cardiovascular phenotype|LDLR-related disorder	VCV001778448	19	11227535	19	11116859	1778448	1834420	rs2147257169	NC_000019.10:11116858:A:G	single nucleotide variant	missense variant	Uncertain significance	Jan 14, 2026	criteria provided, multiple submitters, no conflicts	NA	NA	NA	NA	NA	NA
NM_000527.5(LDLR):c.1707T>A (p.Asp569Glu)	LDLR	D401E, D442E, D528E, D569E	Familial hypercholesterolemia	VCV004069775	19	11227536	19	11116860	4069775	4180211	NA	NC_000019.10:11116859:T:A	single nucleotide variant	missense variant	Uncertain significance	Mar 30, 2025	no assertion criteria provided	NA	NA	NA	NA	NA	NA
NM_000527.5(LDLR):c.1707T>G (p.Asp569Glu)	LDLR	D401E, D569E, D442E, D528E	Hypercholesterolemia, familial, 1	VCV000889250	19	11227536	19	11116860	889250	879831	rs2077470774	NC_000019.10:11116859:T:G	single nucleotide variant	missense variant	Uncertain significance	Jan 13, 2018	criteria provided, single submitter	NA	NA	NA	NA	NA	NA
NM_000527.5(LDLR):c.1716T>G (p.Ser572Arg)	LDLR	S404R, S445R, S531R, S572R	Hypercholesterolemia, familial, 1|not provided	VCV003072987	19	11227545	19	11116869	3072987	3229258	rs747424020	NC_000019.10:11116868:T:G	single nucleotide variant	missense variant	Uncertain significance	Sep 6, 2024	criteria provided, multiple submitters, no conflicts	NA	NA	NA	NA	NA	NA
NM_000527.5(LDLR):c.1720C>T (p.Arg574Cys)	LDLR	R574C, R447C, R533C, R406C	Hypercholesterolemia, familial, 1	VCV000183123	19	11227549	19	11116873	183123	181265	rs185098634	NC_000019.10:11116872:C:T	single nucleotide variant	missense variant	Uncertain significance	Mar 7, 2022	reviewed by expert panel	NA	NA	NA	NA	NA	NA
NM_000527.5(LDLR):c.1721G>C (p.Arg574Pro)	LDLR	R406P, R447P, R533P, R574P	not specified	VCV002501086	19	11227550	19	11116874	2501086	2523979	rs777188764	NC_000019.10:11116873:G:C	single nucleotide variant	missense variant	Uncertain significance	Mar 27, 2023	criteria provided, single submitter	NA	NA	NA	NA	NA	NA
NM_000527.5(LDLR):c.1721G>T (p.Arg574Leu)	LDLR	R574L, R406L, R533L, R447L	Hypercholesterolemia, familial, 1	VCV000237867	19	11227550	19	11116874	237867	243275	rs777188764	NC_000019.10:11116873:G:T	single nucleotide variant	missense variant	Uncertain significance	Mar 30, 2022	reviewed by expert panel	NA	NA	NA	NA	NA	NA
NM_000527.5(LDLR):c.1731G>C (p.Trp577Cys)	LDLR	W577C, W409C, W450C, W536C	Hypercholesterolemia, familial, 1	VCV000406163	19	11227560	19	11116884	406163	403135	rs875989928	NC_000019.10:11116883:G:C	single nucleotide variant	missense variant	Uncertain significance	Apr 28, 2023	reviewed by expert panel	NA	NA	NA	NA	NA	NA
NM_000527.5(LDLR):c.1732G>A (p.Val578Ile)	LDLR	V578I, V451I, V410I, V537I	Cardiovascular phenotype|Familial hypercholesterolemia	VCV003537737	19	11227561	19	11116885	3537737	3698957	NA	NC_000019.10:11116884:G:A	single nucleotide variant	missense variant	Uncertain significance	Jul 17, 2025	criteria provided, multiple submitters, no conflicts	NA	NA	NA	NA	NA	NA
NM_000527.5(LDLR):c.1732G>T (p.Val578Phe)	LDLR	V410F, V451F, V537F, V578F	Cardiovascular phenotype|Familial hypercholesterolemia	VCV001321219	19	11227561	19	11116885	1321219	1311461	rs1301458707	NC_000019.10:11116884:G:T	single nucleotide variant	missense variant	Uncertain significance	Jul 24, 2025	criteria provided, multiple submitters, no conflicts	NA	NA	NA	NA	NA	NA
NM_000527.5(LDLR):c.1738T>C (p.Ser580Pro)	LDLR	S580P, S539P, S412P, S453P	Hypercholesterolemia, familial, 1	VCV000375822	19	11227567	19	11116891	375822	362714	rs1057519675	NC_000019.10:11116890:T:C	single nucleotide variant	missense variant	Uncertain significance	Nov 7, 2023	reviewed by expert panel	NA	NA	NA	NA	NA	NA
NM_000527.5(LDLR):c.1739C>G (p.Ser580Cys)	LDLR	S580C, S412C, S539C, S453C	Hypercholesterolemia, familial, 1	VCV000921461	19	11227568	19	11116892	921461	914770	rs934496989	NC_000019.10:11116891:C:G	single nucleotide variant	missense variant	Uncertain significance	Nov 7, 2023	reviewed by expert panel	NA	NA	NA	NA	NA	NA
NM_000527.5(LDLR):c.1741A>C (p.Lys581Gln)	LDLR	K413Q, K454Q, K540Q, K581Q	Familial hypercholesterolemia	VCV004802603	19	11227570	19	11116894	4802603	4919755	NA	NC_000019.10:11116893:A:C	single nucleotide variant	missense variant	Uncertain significance	Jun 30, 2025	criteria provided, single submitter	NA	NA	NA	NA	NA	NA
NM_000527.5(LDLR):c.1743A>T (p.Lys581Asn)	LDLR	K581N, K413N, K454N, K540N	Familial hypercholesterolemia|LDLR-related disorder	VCV000440658	19	11227572	19	11116896	440658	434309	rs1555806428	NC_000019.10:11116895:A:T	single nucleotide variant	missense variant	Uncertain significance	Mar 2, 2025	criteria provided, multiple submitters, no conflicts	NA	NA	NA	NA	NA	NA
NM_000527.5(LDLR):c.1744C>G (p.Leu582Val)	LDLR	L582V, L414V, L455V, L541V	Dyslipidemia|Hypercholesterolemia, familial, 1	VCV000548080	19	11227573	19	11116897	548080	538577	rs1131692216	NC_000019.10:11116896:C:G	single nucleotide variant	missense variant	Uncertain significance	Mar 27, 2026	criteria provided, multiple submitters, no conflicts	NA	NA	NA	NA	NA	NA
NM_000527.5(LDLR):c.1749C>G (p.His583Gln)	LDLR	H583Q, H415Q, H542Q, H456Q	Hypercholesterolemia, familial, 1	VCV000441220	19	11227578	19	11116902	441220	434845	rs879255009	NC_000019.10:11116901:C:G	single nucleotide variant	missense variant	Uncertain significance	Nov 7, 2023	reviewed by expert panel	NA	NA	NA	NA	NA	NA
NM_000527.5(LDLR):c.1755C>G (p.Ile585Met)	LDLR	I417M, I458M, I544M, I585M	Hypercholesterolemia, familial, 1	VCV004526512	19	11227584	19	11116908	4526512	4638909	NA	NC_000019.10:11116907:C:G	single nucleotide variant	missense variant	Uncertain significance	Sep 22, 2025	criteria provided, single submitter	NA	NA	NA	NA	NA	NA
NM_000527.5(LDLR):c.1761C>G (p.Ser587Arg)	LDLR	S587R, S419R, S460R, S546R	Hypercholesterolemia, familial, 1	VCV000252021	19	11227590	19	11116914	252021	246322	rs753430282	NC_000019.10:11116913:C:G	single nucleotide variant	missense variant	Uncertain significance	Mar 28, 2025	reviewed by expert panel	NA	NA	NA	NA	NA	NA
NM_000527.5(LDLR):c.1764C>G (p.Ile588Met)	LDLR	I420M, I461M, I547M, I588M	Cardiovascular phenotype|not provided	VCV003373171	19	11227593	19	11116917	3373171	3532361	NA	NC_000019.10:11116916:C:G	single nucleotide variant	missense variant	Uncertain significance	Dec 5, 2025	criteria provided, multiple submitters, no conflicts	NA	NA	NA	NA	NA	NA
NM_000527.5(LDLR):c.1765G>T (p.Asp589Tyr)	LDLR	D589Y, D421Y, D462Y, D548Y	Hypercholesterolemia, familial, 1	VCV000441222	19	11227594	19	11116918	441222	434847	rs201971888	NC_000019.10:11116917:G:T	single nucleotide variant	missense variant	Uncertain significance	Aug 29, 2022	reviewed by expert panel	NA	NA	NA	NA	NA	NA
NM_000527.5(LDLR):c.1765G>A (p.Asp589Asn)	LDLR	D589N, D421N, D462N, D548N	Hypercholesterolemia, familial, 1	VCV000252022	19	11227594	19	11116918	252022	246323	rs201971888	NC_000019.10:11116917:G:A	single nucleotide variant	missense variant	Uncertain significance	Aug 29, 2022	reviewed by expert panel	NA	NA	NA	NA	NA	NA
NM_000527.5(LDLR):c.1765G>C (p.Asp589His)	LDLR	D589H, D462H, D548H, D421H	Hypercholesterolemia, familial, 1	VCV000183125	19	11227594	19	11116918	183125	181267	rs201971888	NC_000019.10:11116917:G:C	single nucleotide variant	missense variant	Uncertain significance	Aug 29, 2022	reviewed by expert panel	NA	NA	NA	NA	NA	NA
NM_000527.5(LDLR):c.1768G>A (p.Val590Ile)	LDLR	V422I, V463I, V549I, V590I	Hypercholesterolemia, familial, 1	VCV003071521	19	11227597	19	11116921	3071521	3233787	rs2512416487	NC_000019.10:11116920:G:A	single nucleotide variant	missense variant	Uncertain significance	Jun 8, 2023	criteria provided, single submitter	NA	NA	NA	NA	NA	NA
NM_000527.5(LDLR):c.1771A>G (p.Asn591Asp)	LDLR	N423D, N591D, N550D, N464D	Familial hypercholesterolemia|Hypercholesterolemia, familial, 1	VCV000640105	19	11227600	19	11116924	640105	647628	rs140644832	NC_000019.10:11116923:A:G	single nucleotide variant	missense variant	Uncertain significance	Mar 15, 2022	criteria provided, multiple submitters, no conflicts	NA	NA	NA	NA	NA	NA
NM_000527.5(LDLR):c.1772A>G (p.Asn591Ser)	LDLR	N423S, N464S, N550S, N591S	Familial hypercholesterolemia	VCV004756118	19	11227601	19	11116925	4756118	4867456	NA	NC_000019.10:11116924:A:G	single nucleotide variant	missense variant	Uncertain significance	Jul 18, 2025	criteria provided, single submitter	NA	NA	NA	NA	NA	NA
NM_000527.5(LDLR):c.1772_1773inv (p.Asn591Ser)	LDLR	N591S, N423S, N550S, N464S	Familial hypercholesterolemia	VCV000919923	19	11227601 - 11227602	19	11116925 - 11116926	919923	914772	NA	NC_000019.10:11116924:AC:GT	Inversion	missense variant	Uncertain significance	Mar 6, 2024	criteria provided, single submitter	NA	NA	NA	NA	NA	NA
NM_000527.5(LDLR):c.1777G>C (p.Gly593Arg)	LDLR	G425R, G466R, G552R, G593R	Familial hypercholesterolemia	VCV004069785	19	11227606	19	11116930	4069785	4180221	NA	NC_000019.10:11116929:G:C	single nucleotide variant	missense variant	Uncertain significance	Feb 27, 2025	no assertion criteria provided	NA	NA	NA	NA	NA	NA
NM_000527.5(LDLR):c.1777G>T (p.Gly593Cys)	LDLR	G466C, G425C, G552C, G593C	Familial hypercholesterolemia|Hypercholesterolemia, familial, 1|not provided	VCV001038354	19	11227606	19	11116930	1038354	1034089	rs544456198	NC_000019.10:11116929:G:T	single nucleotide variant	missense variant	Uncertain significance	Feb 19, 2025	criteria provided, multiple submitters, no conflicts	NA	NA	NA	NA	NA	NA
NM_000527.5(LDLR):c.1778G>A (p.Gly593Asp)	LDLR	G425D, G466D, G552D, G593D	Hypercholesterolemia, familial, 1|Familial hypercholesterolemia	VCV003070470	19	11227607	19	11116931	3070470	3231958	rs2512416584	NC_000019.10:11116930:G:A	single nucleotide variant	missense variant	Uncertain significance	Jun 17, 2025	criteria provided, multiple submitters, no conflicts	NA	NA	NA	NA	NA	NA
NM_000527.5(LDLR):c.1782C>G (p.Asn594Lys)	LDLR	N426K, N467K, N553K, N594K	Familial hypercholesterolemia	VCV001172241	19	11227611	19	11116935	1172241	1161512	rs763027570	NC_000019.10:11116934:C:G	single nucleotide variant	missense variant	Uncertain significance	Mar 6, 2024	criteria provided, single submitter	NA	NA	NA	NA	NA	NA
NM_000527.5(LDLR):c.1786A>C (p.Lys596Gln)	LDLR	K428Q, K469Q, K555Q, K596Q	Cardiovascular phenotype	VCV003537739	19	11227615	19	11116939	3537739	3698959	NA	NC_000019.10:11116938:A:C	single nucleotide variant	missense variant	Uncertain significance	Sep 5, 2024	criteria provided, single submitter	NA	NA	NA	NA	NA	NA
NM_000527.5(LDLR):c.1786A>G (p.Lys596Glu)	LDLR	K596E, K428E, K469E, K555E	Familial hypercholesterolemia	VCV000920419	19	11227615	19	11116939	920419	914774	rs879255021	NC_000019.10:11116938:A:G	single nucleotide variant	missense variant	Uncertain significance	Dec 5, 2023	criteria provided, single submitter	NA	NA	NA	NA	NA	NA
NM_000527.5(LDLR):c.1790C>A (p.Thr597Asn)	LDLR	T429N, T470N, T556N, T597N	not specified	VCV001684855	19	11227619	19	11116943	1684855	1676880	rs1184797111	NC_000019.10:11116942:C:A	single nucleotide variant	missense variant	Uncertain significance	Jun 30, 2026	criteria provided, multiple submitters, no conflicts	NA	NA	NA	NA	NA	NA
NM_000527.5(LDLR):c.1792A>C (p.Ile598Leu)	LDLR	I598L, I557L, I430L, I471L	Hypercholesterolemia, familial, 1	VCV000252032	19	11227621	19	11116945	252032	246333	rs879255023	NC_000019.10:11116944:A:C	single nucleotide variant	missense variant	Uncertain significance	Apr 28, 2023	reviewed by expert panel	NA	NA	NA	NA	NA	NA
NM_000527.5(LDLR):c.1793T>C (p.Ile598Thr)	LDLR	I598T, I430T, I471T, I557T	Hypercholesterolemia, familial, 1	VCV000252034	19	11227622	19	11116946	252034	246335	rs879255024	NC_000019.10:11116945:T:C	single nucleotide variant	missense variant	Uncertain significance	May 4, 2023	reviewed by expert panel	NA	NA	NA	NA	NA	NA
NM_000527.5(LDLR):c.1793T>A (p.Ile598Asn)	LDLR	I598N, I471N, I557N, I430N	Hypercholesterolemia, familial, 1	VCV000252033	19	11227622	19	11116946	252033	246334	rs879255024	NC_000019.10:11116945:T:A	single nucleotide variant	missense variant	Uncertain significance	Apr 28, 2023	reviewed by expert panel	NA	NA	NA	NA	NA	NA
NM_000527.5(LDLR):c.1796T>G (p.Leu599Trp)	LDLR	L599W, L431W, L472W, L558W	Hypercholesterolemia, familial, 1	VCV000252036	19	11227625	19	11116949	252036	246337	rs879255025	NC_000019.10:11116948:T:G	single nucleotide variant	missense variant	Uncertain significance	Aug 29, 2022	reviewed by expert panel	NA	NA	NA	NA	NA	NA
NM_000527.5(LDLR):c.1800G>T (p.Glu600Asp)	LDLR	E432D, E473D, E559D, E600D	Familial hypercholesterolemia|Hypercholesterolemia, familial, 1|not specified	VCV003069619	19	11227629	19	11116953	3069619	3230244	rs764104777	NC_000019.10:11116952:G:T	single nucleotide variant	missense variant	Uncertain significance	Jun 8, 2026	criteria provided, multiple submitters, no conflicts	NA	NA	NA	NA	NA	NA
NM_000527.5(LDLR):c.1800G>C (p.Glu600Asp)	LDLR	E600D, E432D, E473D, E559D	Hypercholesterolemia, familial, 1	VCV000431535	19	11227629	19	11116953	431535	425049	rs764104777	NC_000019.10:11116952:G:C	single nucleotide variant	missense variant	Uncertain significance	May 4, 2023	reviewed by expert panel	NA	NA	NA	NA	NA	NA
NM_000527.5(LDLR):c.1801G>A (p.Asp601Asn)	LDLR	D433N, D474N, D560N, D601N	not specified|Hypercholesterolemia, familial, 1	VCV003071281	19	11227630	19	11116954	3071281	3228862	rs753707206	NC_000019.10:11116953:G:A	single nucleotide variant	missense variant	Uncertain significance	Oct 29, 2024	criteria provided, multiple submitters, no conflicts	NA	NA	NA	NA	NA	NA
NM_000527.5(LDLR):c.1802A>G (p.Asp601Gly)	LDLR	D601G, D433G, D474G, D560G	Familial hypercholesterolemia	VCV000440661	19	11227631	19	11116955	440661	434312	rs879255027	NC_000019.10:11116954:A:G	single nucleotide variant	missense variant	Uncertain significance	Dec 13, 2020	criteria provided, single submitter	NA	NA	NA	NA	NA	NA
NM_000527.5(LDLR):c.1808A>G (p.Lys603Arg)	LDLR	K603R, K435R, K476R, K562R	Hypercholesterolemia, familial, 1|not provided|Familial hypercholesterolemia	VCV000440662	19	11227637	19	11116961	440662	434313	rs1302327551	NC_000019.10:11116960:A:G	single nucleotide variant	missense variant	Uncertain significance	Oct 4, 2024	criteria provided, multiple submitters, no conflicts	NA	NA	NA	NA	NA	NA
NM_000527.5(LDLR):c.1816G>A (p.Ala606Thr)	LDLR	A606T, A479T, A565T, A438T	Hypercholesterolemia, familial, 1	VCV000252046	19	11227645	19	11116969	252046	246347	rs72658865	NC_000019.10:11116968:G:A	single nucleotide variant	missense variant	Uncertain significance	May 8, 2022	reviewed by expert panel	NA	NA	NA	NA	NA	NA
NM_000527.5(LDLR):c.1816G>T (p.Ala606Ser)	LDLR	A606S, A438S, A565S, A479S	Hypercholesterolemia, familial, 1	VCV000161264	19	11227645	19	11116969	161264	171219	rs72658865	NC_000019.10:11116968:G:T	single nucleotide variant	missense variant	Uncertain significance	Jun 9, 2021	reviewed by expert panel	NA	NA	NA	NA	NA	NA
NM_000527.5(LDLR):c.1817C>A (p.Ala606Asp)	LDLR	A606D, A565D, A438D, A479D	Hypercholesterolemia, familial, 1	VCV000440663	19	11227646	19	11116970	440663	434314	rs1410295777	NC_000019.10:11116969:C:A	single nucleotide variant	missense variant	Uncertain significance	Feb 10, 2022	reviewed by expert panel	NA	NA	NA	NA	NA	NA
NM_000527.5(LDLR):c.1820A>C (p.His607Pro)	LDLR	H566P, H439P, H480P, H607P	Familial hypercholesterolemia	VCV003636908	19	11227649	19	11116973	3636908	3774492	NA	NC_000019.10:11116972:A:C	single nucleotide variant	missense variant	Uncertain significance	Jun 18, 2024	criteria provided, single submitter	NA	NA	NA	NA	NA	NA
NM_000527.5(LDLR):c.1825T>C (p.Phe609Leu)	LDLR	F609L, F482L, F441L, F568L	Hypercholesterolemia, familial, 1	VCV000252052	19	11227654	19	11116978	252052	246353	rs879255036	NC_000019.10:11116977:T:C	single nucleotide variant	missense variant	Uncertain significance	Mar 28, 2025	reviewed by expert panel	NA	NA	NA	NA	NA	NA
NM_000527.5(LDLR):c.1834G>C (p.Ala612Pro)	LDLR	A571P, A444P, A485P, A612P	Cardiovascular phenotype	VCV001781021	19	11227663	19	11116987	1781021	1839289	rs879255042	NC_000019.10:11116986:G:C	single nucleotide variant	missense variant	Uncertain significance	Feb 28, 2018	criteria provided, single submitter	NA	NA	NA	NA	NA	NA
NM_000527.5(LDLR):c.1835C>A (p.Ala612Asp)	LDLR	A571D, A444D, A485D, A612D	Cardiovascular phenotype	VCV003290403	19	11227664	19	11116988	3290403	3452636	NA	NC_000019.10:11116987:C:A	single nucleotide variant	missense variant	Uncertain significance	Apr 3, 2024	criteria provided, single submitter	NA	NA	NA	NA	NA	NA
NM_000527.5(LDLR):c.1835C>T (p.Ala612Val)	LDLR	A612V, A485V, A444V, A571V	Cardiovascular phenotype|Familial hypercholesterolemia|not provided|Hypercholesterolemia, familial, 1	VCV000440664	19	11227664	19	11116988	440664	434315	rs377449975	NC_000019.10:11116987:C:T	single nucleotide variant	missense variant	Uncertain significance	Sep 16, 2025	criteria provided, multiple submitters, no conflicts	NA	NA	NA	NA	NA	NA
NM_000527.5(LDLR):c.1837G>T (p.Val613Phe)	LDLR	V445F, V486F, V572F, V613F	Familial hypercholesterolemia	VCV004756119	19	11227666	19	11116990	4756119	4867457	NA	NC_000019.10:11116989:G:T	single nucleotide variant	missense variant	Uncertain significance	Aug 26, 2025	criteria provided, single submitter	NA	NA	NA	NA	NA	NA
NM_000527.5(LDLR):c.1837G>A (p.Val613Ile)	LDLR	V613I, V572I, V445I, V486I	Hypercholesterolemia, familial, 1	VCV000161288	19	11227666	19	11116990	161288	171220	rs148181903	NC_000019.10:11116989:G:A	single nucleotide variant	missense variant	Uncertain significance	Mar 28, 2025	reviewed by expert panel	NA	NA	NA	NA	NA	NA
NM_000527.5(LDLR):c.1840T>G (p.Phe614Val)	LDLR	F446V, F487V, F573V, F614V	Familial hypercholesterolemia	VCV004812842	19	11227669	19	11116993	4812842	4907186	NA	NC_000019.10:11116992:T:G	single nucleotide variant	missense variant	Uncertain significance	Feb 19, 2025	criteria provided, single submitter	NA	NA	NA	NA	NA	NA
NM_000527.5(LDLR):c.1847A>G (p.Asp616Gly)	LDLR	D448G, D489G, D575G, D616G	not specified	VCV001683261	19	11230769	19	11120093	1683261	1675160	rs2147264778	NC_000019.10:11120092:A:G	single nucleotide variant	missense variant	Uncertain significance	Apr 5, 2022	criteria provided, single submitter	NA	NA	NA	NA	NA	NA
NM_000527.5(LDLR):c.1849A>G (p.Lys617Glu)	LDLR	K449E, K490E, K576E, K617E	Hypercholesterolemia, familial, 1	VCV003074505	19	11230771	19	11120095	3074505	3229472	rs2512428035	NC_000019.10:11120094:A:G	single nucleotide variant	missense variant	Uncertain significance	Nov 20, 2023	criteria provided, single submitter	NA	NA	NA	NA	NA	NA
NM_000527.5(LDLR):c.1861A>G (p.Thr621Ala)	LDLR	T453A, T494A, T580A, T621A	Familial hypercholesterolemia	VCV004756567	19	11230783	19	11120107	4756567	4867905	NA	NC_000019.10:11120106:A:G	single nucleotide variant	missense variant	Uncertain significance	Sep 23, 2025	criteria provided, single submitter	NA	NA	NA	NA	NA	NA
NM_000527.5(LDLR):c.1867A>T (p.Ile623Phe)	LDLR	I496F, I582F, I455F, I623F	Familial hypercholesterolemia	VCV002907538	19	11230789	19	11120113	2907538	3062685	rs555292896	NC_000019.10:11120112:A:T	single nucleotide variant	missense variant	Uncertain significance	Apr 10, 2023	criteria provided, single submitter	NA	NA	NA	NA	NA	NA
NM_000527.5(LDLR):c.1867A>G (p.Ile623Val)	LDLR	I623V, I582V, I496V, I455V	Hypercholesterolemia, familial, 1	VCV000252096	19	11230789	19	11120113	252096	246391	rs555292896	NC_000019.10:11120112:A:G	single nucleotide variant	missense variant	Uncertain significance	Jan 27, 2023	reviewed by expert panel	NA	NA	NA	NA	NA	NA
NM_000527.5(LDLR):c.1868T>C (p.Ile623Thr)	LDLR	I623T, I496T, I455T, I582T	Hypercholesterolemia, familial, 1	VCV000369855	19	11230790	19	11120114	369855	354097	rs141155833	NC_000019.10:11120113:T:C	single nucleotide variant	missense variant	Uncertain significance	Apr 28, 2023	reviewed by expert panel	NA	NA	NA	NA	NA	NA
NM_000527.5(LDLR):c.1874A>G (p.Asn625Ser)	LDLR	N457S, N498S, N584S, N625S	not specified|Hypercholesterolemia, familial, 1	VCV001330086	19	11230796	19	11120120	1330086	1320769	rs879255064	NC_000019.10:11120119:A:G	single nucleotide variant	missense variant	Uncertain significance	Jun 8, 2023	criteria provided, multiple submitters, no conflicts	NA	NA	NA	NA	NA	NA
NM_000527.5(LDLR):c.1879G>C (p.Ala627Pro)	LDLR	A459P, A500P, A586P, A627P	not provided	VCV004529905	19	11230801	19	11120125	4529905	4641812	NA	NC_000019.10:11120124:G:C	single nucleotide variant	missense variant	Uncertain significance	May 11, 2025	criteria provided, single submitter	NA	NA	NA	NA	NA	NA
NM_000527.5(LDLR):c.1880C>G (p.Ala627Gly)	LDLR	A459G, A500G, A586G, A627G	Familial hypercholesterolemia	VCV001171896	19	11230802	19	11120126	1171896	1161515	rs875989934	NC_000019.10:11120125:C:G	single nucleotide variant	missense variant	Uncertain significance	Feb 18, 2021	criteria provided, single submitter	NA	NA	NA	NA	NA	NA
NM_000527.5(LDLR):c.1882A>C (p.Ile628Leu)	LDLR	I587L, I460L, I501L, I628L	not specified|Cardiovascular phenotype	VCV002453913	19	11230804	19	11120128	2453913	2423804	rs1250969378	NC_000019.10:11120127:A:C	single nucleotide variant	missense variant	Uncertain significance	Oct 21, 2025	criteria provided, multiple submitters, no conflicts	NA	NA	NA	NA	NA	NA
NM_000527.5(LDLR):c.1888A>G (p.Ser630Gly)	LDLR	S503G, S589G, S462G, S630G	Familial hypercholesterolemia|not provided	VCV000921948	19	11230810	19	11120134	921948	914777	rs2077524048	NC_000019.10:11120133:A:G	single nucleotide variant	missense variant	Uncertain significance	Dec 5, 2023	criteria provided, multiple submitters, no conflicts	NA	NA	NA	NA	NA	NA
NM_000527.5(LDLR):c.1889G>C (p.Ser630Thr)	LDLR	S462T, S503T, S589T, S630T	Familial hypercholesterolemia|Dyslipidemia|Cardiovascular phenotype	VCV001171241	19	11230811	19	11120135	1171241	1161517	rs2077524086	NC_000019.10:11120134:G:C	single nucleotide variant	missense variant	Uncertain significance	Mar 27, 2026	criteria provided, multiple submitters, no conflicts	NA	NA	NA	NA	NA	NA
NM_000527.5(LDLR):c.1890T>G (p.Ser630Arg)	LDLR	S503R, S589R, S630R, S462R	Familial hypercholesterolemia	VCV000924020	19	11230812	19	11120136	924020	914778	rs1292632022	NC_000019.10:11120135:T:G	single nucleotide variant	missense variant	Uncertain significance	Jul 8, 2025	criteria provided, multiple submitters, no conflicts	NA	NA	NA	NA	NA	NA
NM_000527.5(LDLR):c.1891G>C (p.Ala631Pro)	LDLR	A463P, A504P, A590P, A631P	not provided	VCV002681996	19	11230813	19	11120137	2681996	2843029	rs2512428615	NC_000019.10:11120136:G:C	single nucleotide variant	missense variant	Uncertain significance	Oct 12, 2022	criteria provided, single submitter	NA	NA	NA	NA	NA	NA
NM_000527.5(LDLR):c.1892C>T (p.Ala631Val)	LDLR	A463V, A504V, A590V, A631V	Hypercholesterolemia, familial, 1	VCV004856680	19	11230814	19	11120138	4856680	4967604	NA	NC_000019.10:11120137:C:T	single nucleotide variant	missense variant	Uncertain significance	Feb 22, 2024	no assertion criteria provided	NA	NA	NA	NA	NA	NA
NM_000527.5(LDLR):c.1895A>G (p.Asn632Ser)	LDLR	N464S, N505S, N591S, N632S	Hypercholesterolemia, familial, 1|Cardiovascular phenotype	VCV001782135	19	11230817	19	11120141	1782135	1835530	rs1202258257	NC_000019.10:11120140:A:G	single nucleotide variant	missense variant	Uncertain significance	Mar 24, 2024	criteria provided, multiple submitters, no conflicts	NA	NA	NA	NA	NA	NA
NM_000527.5(LDLR):c.1895A>T (p.Asn632Ile)	LDLR	N632I, N464I, N505I, N591I	Cardiovascular phenotype|Hypercholesterolemia, familial, 1	VCV000523726	19	11230817	19	11120141	523726	514386	rs1202258257	NC_000019.10:11120140:A:T	single nucleotide variant	missense variant	Uncertain significance	Sep 28, 2021	criteria provided, multiple submitters, no conflicts	NA	NA	NA	NA	NA	NA
NM_000527.5(LDLR):c.1900C>T (p.Leu634Phe)	LDLR	L634F, L507F, L466F, L593F	not specified|Hypercholesterolemia, familial, 1	VCV000548081	19	11230822	19	11120146	548081	538578	rs1279368649	NC_000019.10:11120145:C:T	single nucleotide variant	missense variant	Uncertain significance	Oct 8, 2018	criteria provided, multiple submitters, no conflicts	NA	NA	NA	NA	NA	NA
NM_000527.5(LDLR):c.1903A>C (p.Thr635Pro)	LDLR	T594P, T635P, T467P, T508P	Cardiovascular phenotype	VCV001782340	19	11230825	19	11120149	1782340	1842724	rs2512428684	NC_000019.10:11120148:A:C	single nucleotide variant	missense variant	Uncertain significance	Jan 15, 2026	criteria provided, single submitter	NA	NA	NA	NA	NA	NA
NM_000527.5(LDLR):c.1906G>A (p.Gly636Ser)	LDLR	G636S, G509S, G595S, G468S	Hypercholesterolemia, familial, 1	VCV000252109	19	11230828	19	11120152	252109	246405	rs764550980	NC_000019.10:11120151:G:A	single nucleotide variant	missense variant	Uncertain significance	Aug 29, 2022	reviewed by expert panel	NA	NA	NA	NA	NA	NA
NM_000527.5(LDLR):c.1907G>T (p.Gly636Val)	LDLR	G636V, G509V, G468V, G595V	Hypercholesterolemia, familial, 1	VCV000438327	19	11230829	19	11120153	438327	431958	rs879255072	NC_000019.10:11120152:G:T	single nucleotide variant	missense variant	Uncertain significance	Aug 29, 2022	reviewed by expert panel	NA	NA	NA	NA	NA	NA
NM_000527.5(LDLR):c.1907G>A (p.Gly636Asp)	LDLR	G636D, G595D, G468D, G509D	Hypercholesterolemia, familial, 1	VCV000252110	19	11230829	19	11120153	252110	246406	rs879255072	NC_000019.10:11120152:G:A	single nucleotide variant	missense variant	Uncertain significance	Aug 29, 2022	reviewed by expert panel	NA	NA	NA	NA	NA	NA
NM_000527.5(LDLR):c.1909T>A (p.Ser637Thr)	LDLR	S510T, S596T, S637T, S469T	Familial hypercholesterolemia	VCV002851146	19	11230831	19	11120155	2851146	3009648	rs2512428727	NC_000019.10:11120154:T:A	single nucleotide variant	missense variant	Uncertain significance	Mar 31, 2023	criteria provided, single submitter	NA	NA	NA	NA	NA	NA
NM_000527.5(LDLR):c.1910C>G (p.Ser637Cys)	LDLR	S637C, S469C, S596C, S510C	Familial hypercholesterolemia	VCV003636909	19	11230832	19	11120156	3636909	3774493	NA	NC_000019.10:11120155:C:G	single nucleotide variant	missense variant	Uncertain significance	Nov 24, 2025	criteria provided, single submitter	NA	NA	NA	NA	NA	NA
NM_000527.5(LDLR):c.1912G>A (p.Asp638Asn)	LDLR	D638N, D597N, D511N, D470N	not provided|Familial hypercholesterolemia|Hypercholesterolemia, familial, 1	VCV000630374	19	11230834	19	11120158	630374	618953	rs757672647	NC_000019.10:11120157:G:A	single nucleotide variant	missense variant	Uncertain significance	Apr 1, 2026	criteria provided, multiple submitters, no conflicts	NA	NA	NA	NA	NA	NA
NM_000527.5(LDLR):c.1918A>T (p.Asn640Tyr)	LDLR	N472Y, N513Y, N599Y, N640Y	not provided	VCV001302495	19	11230840	19	11120164	1302495	1292776	rs779622257	NC_000019.10:11120163:A:T	single nucleotide variant	missense variant	Uncertain significance	Apr 10, 2023	criteria provided, single submitter	NA	NA	NA	NA	NA	NA
NM_000527.5(LDLR):c.1925T>G (p.Leu642Trp)	LDLR	L601W, L642W, L474W, L515W	Cardiovascular phenotype	VCV002568140	19	11230847	19	11120171	2568140	2734678	rs879255073	NC_000019.10:11120170:T:G	single nucleotide variant	missense variant	Uncertain significance	Apr 6, 2023	criteria provided, single submitter	NA	NA	NA	NA	NA	NA
NM_000527.5(LDLR):c.1927G>C (p.Ala643Pro)	LDLR	A643P, A475P, A516P, A602P	Hypercholesterolemia, familial, 1	VCV000252114	19	11230849	19	11120173	252114	246410	rs879255074	NC_000019.10:11120172:G:C	single nucleotide variant	missense variant	Uncertain significance	Jul 2, 2024	reviewed by expert panel	NA	NA	NA	NA	NA	NA
NM_000527.5(LDLR):c.1928C>T (p.Ala643Val)	LDLR	A643V, A475V, A602V, A516V	Hypercholesterolemia, familial, 1	VCV000252115	19	11230850	19	11120174	252115	246411	rs879255075	NC_000019.10:11120173:C:T	single nucleotide variant	missense variant	Uncertain significance	Jul 2, 2024	reviewed by expert panel	NA	NA	NA	NA	NA	NA
NM_000527.5(LDLR):c.1942T>G (p.Ser648Ala)	LDLR	S648A, S480A, S521A, S607A	Hypercholesterolemia, familial, 1	VCV000431538	19	11230864	19	11120188	431538	425052	rs879255079	NC_000019.10:11120187:T:G	single nucleotide variant	missense variant	Uncertain significance	Jan 27, 2023	reviewed by expert panel	NA	NA	NA	NA	NA	NA
NM_000527.5(LDLR):c.1943C>T (p.Ser648Phe)	LDLR	S648F, S480F, S607F, S521F	Hypercholesterolemia, familial, 1	VCV000440670	19	11230865	19	11120189	440670	434321	rs1555807266	NC_000019.10:11120188:C:T	single nucleotide variant	missense variant	Uncertain significance	Jan 27, 2023	reviewed by expert panel	NA	NA	NA	NA	NA	NA
NM_000527.5(LDLR):c.1945C>T (p.Pro649Ser)	LDLR	P649S, P608S, P481S, P522S	Hypercholesterolemia, familial, 1	VCV000252121	19	11230867	19	11120191	252121	246417	rs879255080	NC_000019.10:11120190:C:T	single nucleotide variant	missense variant	Uncertain significance	Oct 28, 2024	reviewed by expert panel	NA	NA	NA	NA	NA	NA
NM_000527.5(LDLR):c.1946C>T (p.Pro649Leu)	LDLR	P649L, P522L, P481L, P608L	Hypercholesterolemia, familial, 1	VCV000252122	19	11230868	19	11120192	252122	246418	rs879255081	NC_000019.10:11120191:C:T	single nucleotide variant	missense variant	Uncertain significance	Oct 28, 2024	reviewed by expert panel	NA	NA	NA	NA	NA	NA
NM_000527.5(LDLR):c.1948G>A (p.Glu650Lys)	LDLR	E650K, E482K, E523K, E609K	Familial hypercholesterolemia|Hypercholesterolemia, familial, 1	VCV000252126	19	11230870	19	11120194	252126	246421	rs768724935	NC_000019.10:11120193:G:A	single nucleotide variant	missense variant	Uncertain significance	May 16, 2024	criteria provided, multiple submitters, no conflicts	NA	NA	NA	NA	NA	NA
NM_000527.5(LDLR):c.1952A>T (p.Asp651Val)	LDLR	D651V, D610V, D483V, D524V	Hypercholesterolemia, familial, 1	VCV000252128	19	11230874	19	11120198	252128	246424	rs563382937	NC_000019.10:11120197:A:T	single nucleotide variant	missense variant	Uncertain significance	Mar 20, 2023	reviewed by expert panel	NA	NA	NA	NA	NA	NA
NM_000527.5(LDLR):c.1954A>T (p.Met652Leu)	LDLR	M611L, M484L, M525L, M652L	Hypercholesterolemia, familial, 1	VCV000927435	19	11230876	19	11120200	927435	914781	rs730882111	NC_000019.10:11120199:A:T	single nucleotide variant	missense variant	Uncertain significance	Aug 29, 2022	reviewed by expert panel	NA	NA	NA	NA	NA	NA
NM_000527.5(LDLR):c.1954A>G (p.Met652Val)	LDLR	M652V, M484V, M525V, M611V	Hypercholesterolemia, familial, 1	VCV000183129	19	11230876	19	11120200	183129	181271	rs730882111	NC_000019.10:11120199:A:G	single nucleotide variant	missense variant	Uncertain significance	Dec 23, 2022	reviewed by expert panel	NA	NA	NA	NA	NA	NA
NM_000527.5(LDLR):c.1957G>A (p.Val653Ile)	LDLR	V653I, V485I, V612I, V526I	Hypercholesterolemia, familial, 1	VCV000628891	19	11230879	19	11120203	628891	618954	rs879255085	NC_000019.10:11120202:G:A	single nucleotide variant	missense variant	Uncertain significance	Feb 23, 2024	reviewed by expert panel	NA	NA	NA	NA	NA	NA
NM_000527.5(LDLR):c.1957G>T (p.Val653Phe)	LDLR	V653F, V485F, V612F, V526F	Hypercholesterolemia, familial, 1	VCV000252129	19	11230879	19	11120203	252129	246425	rs879255085	NC_000019.10:11120202:G:T	single nucleotide variant	missense variant	Uncertain significance	Feb 23, 2024	reviewed by expert panel	NA	NA	NA	NA	NA	NA
NM_000527.5(LDLR):c.1958_1959delinsCC (p.Val653Ala)	LDLR	V485A, V526A, V612A, V653A	Hypercholesterolemia, familial, 1	VCV001008168	19	11230880 - 11230881	19	11120204 - 11120205	1008168	998360	rs2077526251	NC_000019.10:11120203:TT:CC	Indel	missense variant	Uncertain significance	Feb 23, 2024	reviewed by expert panel	NA	NA	NA	NA	NA	NA
NM_000527.5(LDLR):c.1958T>G (p.Val653Gly)	LDLR	V653G, V526G, V612G, V485G	Hypercholesterolemia, familial, 1	VCV000252130	19	11230880	19	11120204	252130	246426	rs879255086	NC_000019.10:11120203:T:G	single nucleotide variant	missense variant	Uncertain significance	Feb 23, 2024	reviewed by expert panel	NA	NA	NA	NA	NA	NA
NM_000527.5(LDLR):c.1960C>T (p.Leu654Phe)	LDLR	L654F, L527F, L486F, L613F	Hypercholesterolemia, familial, 1	VCV000252132	19	11230882	19	11120206	252132	246428	rs879255087	NC_000019.10:11120205:C:T	single nucleotide variant	missense variant	Uncertain significance	Oct 28, 2024	reviewed by expert panel	NA	NA	NA	NA	NA	NA
NM_000527.5(LDLR):c.1961T>C (p.Leu654Pro)	LDLR	L486P, L527P, L613P, L654P	Hypercholesterolemia, familial, 1	VCV000979168	19	11230883	19	11120207	979168	967247	rs2077526349	NC_000019.10:11120206:T:C	single nucleotide variant	missense variant	Uncertain significance	Oct 28, 2024	reviewed by expert panel	NA	NA	NA	NA	NA	NA
NM_000527.5(LDLR):c.1966C>A (p.His656Asn)	LDLR	H656N, H488N, H615N, H529N	Hypercholesterolemia, familial, 1	VCV000252136	19	11230888	19	11120212	252136	246432	rs762815611	NC_000019.10:11120211:C:A	single nucleotide variant	missense variant	Uncertain significance	Jun 18, 2021	reviewed by expert panel	NA	NA	NA	NA	NA	NA
NM_000527.5(LDLR):c.1968C>G (p.His656Gln)	LDLR	H656Q, H615Q, H529Q, H488Q	Hypercholesterolemia, familial, 1	VCV000252137	19	11230890	19	11120214	252137	246433	rs879255091	NC_000019.10:11120213:C:G	single nucleotide variant	missense variant	Uncertain significance	Dec 14, 2021	reviewed by expert panel	NA	NA	NA	NA	NA	NA
NM_000527.5(LDLR):c.1970A>G (p.Asn657Ser)	LDLR	N489S, N530S, N616S, N657S	not provided|Hypercholesterolemia, familial, 1|Familial hypercholesterolemia	VCV002582101	19	11230892	19	11120216	2582101	2749679	rs1600742798	NC_000019.10:11120215:A:G	single nucleotide variant	missense variant	Uncertain significance	Mar 7, 2024	criteria provided, multiple submitters, no conflicts	NA	NA	NA	NA	NA	NA
NM_000527.5(LDLR):c.1971C>A (p.Asn657Lys)	LDLR	N657K, N489K, N616K, N530K	Hypercholesterolemia, familial, 1	VCV000375825	19	11230893	19	11120217	375825	362717	rs1057519678	NC_000019.10:11120216:C:A	single nucleotide variant	missense variant	Uncertain significance	Dec 16, 2016	criteria provided, single submitter	NA	NA	NA	NA	NA	NA
NM_000527.5(LDLR):c.1976C>T (p.Thr659Ile)	LDLR	T491I, T532I, T618I, T659I	Familial hypercholesterolemia	VCV004758074	19	11230898	19	11120222	4758074	4869407	NA	NC_000019.10:11120221:C:T	single nucleotide variant	missense variant	Uncertain significance	Aug 30, 2025	criteria provided, single submitter	NA	NA	NA	NA	NA	NA
NM_000527.5(LDLR):c.1976C>A (p.Thr659Asn)	LDLR	T659N, T491N, T532N, T618N	Hypercholesterolemia, familial, 1	VCV000252141	19	11230898	19	11120222	252141	246437	rs879255094	NC_000019.10:11120221:C:A	single nucleotide variant	missense variant	Uncertain significance	Mar 20, 2023	reviewed by expert panel	NA	NA	NA	NA	NA	NA
NM_000527.5(LDLR):c.1978C>G (p.Gln660Glu)	LDLR	Q533E, Q619E, Q660E, Q492E	not provided|Cardiovascular phenotype	VCV003290397	19	11230900	19	11120224	3290397	3452630	NA	NC_000019.10:11120223:C:G	single nucleotide variant	missense variant	Uncertain significance	Mar 5, 2025	criteria provided, multiple submitters, no conflicts	NA	NA	NA	NA	NA	NA
NM_000527.5(LDLR):c.1981C>T (p.Pro661Ser)	LDLR	P493S, P534S, P620S, P661S	Familial hypercholesterolemia	VCV004856681	19	11230903	19	11120227	4856681	4967605	NA	NC_000019.10:11120226:C:T	single nucleotide variant	missense variant	Uncertain significance	Jun 12, 2026	criteria provided, single submitter	NA	NA	NA	NA	NA	NA
NM_000527.5(LDLR):c.1981C>A (p.Pro661Thr)	LDLR	P661T, P620T, P493T, P534T	Hypercholesterolemia, familial, 1	VCV000441225	19	11230903	19	11120227	441225	434848	rs1182317785	NC_000019.10:11120226:C:A	single nucleotide variant	missense variant	Uncertain significance	Jun 23, 2023	reviewed by expert panel	NA	NA	NA	NA	NA	NA
NM_000527.5(LDLR):c.1982C>T (p.Pro661Leu)	LDLR	P661L, P493L, P534L, P620L	Hypercholesterolemia, familial, 1	VCV000375827	19	11230904	19	11120228	375827	362719	rs1057519680	NC_000019.10:11120227:C:T	single nucleotide variant	missense variant	Uncertain significance	Jun 23, 2023	reviewed by expert panel	NA	NA	NA	NA	NA	NA
NM_000527.5(LDLR):c.1984A>G (p.Arg662Gly)	LDLR	R494G, R535G, R621G, R662G	Hypercholesterolemia, familial, 1	VCV003386990	19	11230906	19	11120230	3386990	3546125	NA	NC_000019.10:11120229:A:G	single nucleotide variant	missense variant	Uncertain significance	Jun 11, 2024	criteria provided, single submitter	NA	NA	NA	NA	NA	NA
NM_000527.5(LDLR):c.1985G>A (p.Arg662Lys)	LDLR	R662K, R535K, R621K, R494K	Hypercholesterolemia, familial, 1|not specified	VCV000633289	19	11230907	19	11120231	633289	621625	rs1568611349	NC_000019.10:11120230:G:A	single nucleotide variant	missense variant	Uncertain significance	Sep 8, 2021	criteria provided, multiple submitters, no conflicts	NA	NA	NA	NA	NA	NA
NM_000527.5(LDLR):c.1987G>A (p.Gly663Arg)	LDLR	G663R, G495R, G622R, E536K	Familial hypercholesterolemia	VCV000406167	19	11230909	19	11120233	406167	403133	rs878951797	NC_000019.10:11120232:G:A	single nucleotide variant	missense variant	Uncertain significance	Jul 28, 2025	criteria provided, multiple submitters, no conflicts	NA	NA	NA	NA	NA	NA
NM_000527.5(LDLR):c.1993A>T (p.Asn665Tyr)	LDLR	N497Y, N665Y, N624Y	Familial hypercholesterolemia	VCV000937532	19	11231051	19	11120375	937532	938559	rs2077529922	NC_000019.10:11120374:A:T	single nucleotide variant	missense variant|intron variant	Uncertain significance	Jun 28, 2020	criteria provided, single submitter	NA	NA	NA	NA	NA	NA
NM_000527.5(LDLR):c.1995C>G (p.Asn665Lys)	LDLR	N624K, N665K, N497K	Familial hypercholesterolemia	VCV003670297	19	11231053	19	11120377	3670297	3803522	NA	NC_000019.10:11120376:C:G	single nucleotide variant	missense variant|intron variant	Uncertain significance	Nov 24, 2025	criteria provided, single submitter	NA	NA	NA	NA	NA	NA
NM_000527.5(LDLR):c.1997G>T (p.Trp666Leu)	LDLR	W666L, W625L, W498L	Hypercholesterolemia, familial, 1	VCV000252159	19	11231055	19	11120379	252159	246454	rs879255105	NC_000019.10:11120378:G:T	single nucleotide variant	missense variant|intron variant	Uncertain significance	Mar 25, 2016	criteria provided, single submitter	NA	NA	NA	NA	NA	NA
NM_000527.5(LDLR):c.2004G>C (p.Glu668Asp)	LDLR	E627D, E668D, E500D	Cardiovascular phenotype	VCV004614507	19	11231062	19	11120386	4614507	4730324	NA	NC_000019.10:11120385:G:C	single nucleotide variant	missense variant|intron variant	Uncertain significance	Nov 18, 2025	criteria provided, single submitter	NA	NA	NA	NA	NA	NA
NM_000527.5(LDLR):c.2006G>A (p.Arg669Lys)	LDLR	R501K, R628K, R669K	Familial hypercholesterolemia	VCV004759147	19	11231064	19	11120388	4759147	4870474	NA	NC_000019.10:11120387:G:A	single nucleotide variant	missense variant|intron variant	Uncertain significance	Aug 7, 2025	criteria provided, single submitter	NA	NA	NA	NA	NA	NA
NM_000527.5(LDLR):c.2007G>T (p.Arg669Ser)	LDLR	R501S, R628S, R669S	Hypercholesterolemia, familial, 1	VCV003073652	19	11231065	19	11120389	3073652	3232522	rs1031256388	NC_000019.10:11120388:G:T	single nucleotide variant	missense variant|intron variant	Uncertain significance	Oct 23, 2023	criteria provided, single submitter	NA	NA	NA	NA	NA	NA
NM_000527.5(LDLR):c.2009C>T (p.Thr670Ile)	LDLR	T629I, T670I, T502I	Familial hypercholesterolemia|Hypercholesterolemia, familial, 1	VCV002150608	19	11231067	19	11120391	2150608	1888105	rs2077530664	NC_000019.10:11120390:C:T	single nucleotide variant	missense variant|intron variant	Uncertain significance	Apr 3, 2023	criteria provided, multiple submitters, no conflicts	NA	NA	NA	NA	NA	NA
NM_000527.5(LDLR):c.2017A>C (p.Ser673Arg)	LDLR	S673R, S505R, S632R	Hypercholesterolemia, familial, 1	VCV000252172	19	11231075	19	11120399	252172	246467	rs749085746	NC_000019.10:11120398:A:C	single nucleotide variant	missense variant|intron variant	Uncertain significance	Mar 28, 2025	reviewed by expert panel	NA	NA	NA	NA	NA	NA
NM_000527.5(LDLR):c.2018G>A (p.Ser673Asn)	LDLR	S505N, S632N, S673N	Hypercholesterolemia, familial, 1	VCV000922061	19	11231076	19	11120400	922061	914786	rs1273197962	NC_000019.10:11120399:G:A	single nucleotide variant	missense variant|intron variant	Uncertain significance	Mar 28, 2025	reviewed by expert panel	NA	NA	NA	NA	NA	NA
NM_000527.5(LDLR):c.2020A>C (p.Asn674His)	LDLR	N506H, N633H, N674H	not provided	VCV003602360	19	11231078	19	11120402	3602360	3735032	NA	NC_000019.10:11120401:A:C	single nucleotide variant	missense variant|intron variant	Uncertain significance	Jul 30, 2024	criteria provided, single submitter	NA	NA	NA	NA	NA	NA
NM_000527.5(LDLR):c.2027G>A (p.Gly676Asp)	LDLR	G676D, G508D, G635D	Cardiovascular phenotype	VCV004827584	19	11231085	19	11120409	4827584	4935597	NA	NC_000019.10:11120408:G:A	single nucleotide variant	missense variant|intron variant	Uncertain significance	Mar 24, 2026	criteria provided, single submitter	NA	NA	NA	NA	NA	NA
NM_000527.5(LDLR):c.2034G>T (p.Gln678His)	LDLR	Q510H, Q637H, Q678H	Familial hypercholesterolemia|Cardiovascular phenotype|Hypercholesterolemia, familial, 1	VCV001784801	19	11231092	19	11120416	1784801	1843446	rs1008806332	NC_000019.10:11120415:G:T	single nucleotide variant	missense variant|intron variant	Uncertain significance	May 14, 2024	criteria provided, multiple submitters, no conflicts	NA	NA	NA	NA	NA	NA
NM_000527.5(LDLR):c.2036A>G (p.Tyr679Cys)	LDLR	Y511C, Y638C, Y679C	Familial hypercholesterolemia	VCV004757290	19	11231094	19	11120418	4757290	4868624	NA	NC_000019.10:11120417:A:G	single nucleotide variant	missense variant|intron variant	Uncertain significance	Jun 23, 2025	criteria provided, single submitter	NA	NA	NA	NA	NA	NA
NM_000527.5(LDLR):c.2039T>C (p.Leu680Pro)	LDLR	L680P, L639P, L512P	Hypercholesterolemia, familial, 1	VCV000440674	19	11231097	19	11120421	440674	434325	rs1555807379	NC_000019.10:11120420:T:C	single nucleotide variant	missense variant|intron variant	Uncertain significance	Jul 11, 2025	reviewed by expert panel	NA	NA	NA	NA	NA	NA
NM_000527.5(LDLR):c.2048C>T (p.Pro683Leu)	LDLR	P683L, P642L, P515L	Dyslipidemia|Familial hypercholesterolemia|not provided	VCV000496022	19	11231106	19	11120430	496022	488034	rs766765648	NC_000019.10:11120429:C:T	single nucleotide variant	missense variant|intron variant	Uncertain significance	Dec 22, 2025	criteria provided, multiple submitters, no conflicts	NA	NA	NA	NA	NA	NA
NM_000527.5(LDLR):c.2050G>C (p.Ala684Pro)	LDLR	A516P, A643P, A684P	Hypercholesterolemia, familial, 1	VCV004073624	19	11231108	19	11120432	4073624	4187445	NA	NC_000019.10:11120431:G:C	single nucleotide variant	missense variant|intron variant	Uncertain significance	Feb 20, 2025	reviewed by expert panel	NA	NA	NA	NA	NA	NA
NM_000527.5(LDLR):c.2050G>A (p.Ala684Thr)	LDLR	A684T, A643T, A516T	Hypercholesterolemia, familial, 1	VCV000252192	19	11231108	19	11120432	252192	246486	rs774730452	NC_000019.10:11120431:G:A	single nucleotide variant	missense variant|intron variant	Uncertain significance	Feb 20, 2025	reviewed by expert panel	NA	NA	NA	NA	NA	NA
NM_000527.5(LDLR):c.2051C>T (p.Ala684Val)	LDLR	A643V, A516V, A684V	Hypercholesterolemia, familial, 1	VCV001785078	19	11231109	19	11120433	1785078	1843723	rs1258914809	NC_000019.10:11120432:C:T	single nucleotide variant	missense variant|intron variant	Uncertain significance	Feb 20, 2025	reviewed by expert panel	NA	NA	NA	NA	NA	NA
NM_000527.5(LDLR):c.2057A>G (p.Gln686Arg)	LDLR	Q518R, Q645R, Q686R	not provided	VCV003361915	19	11231115	19	11120439	3361915	3521125	NA	NC_000019.10:11120438:A:G	single nucleotide variant	missense variant|intron variant	Uncertain significance	Aug 15, 2023	criteria provided, single submitter	NA	NA	NA	NA	NA	NA
NM_000527.5(LDLR):c.2063A>G (p.Asn688Ser)	LDLR	N520S, N647S, N688S	Hypercholesterolemia, familial, 1	VCV003074471	19	11231121	19	11120445	3074471	3229438	rs1600743845	NC_000019.10:11120444:A:G	single nucleotide variant	missense variant|intron variant	Uncertain significance	Nov 20, 2023	criteria provided, single submitter	NA	NA	NA	NA	NA	NA
NM_000527.5(LDLR):c.2068C>T (p.His690Tyr)	LDLR	H649Y, H522Y, H690Y	Familial hypercholesterolemia	VCV002903463	19	11231126	19	11120450	2903463	3064867	rs757009067	NC_000019.10:11120449:C:T	single nucleotide variant	missense variant|intron variant	Uncertain significance	Nov 16, 2023	criteria provided, single submitter	NA	NA	NA	NA	NA	NA
NM_000527.5(LDLR):c.2068C>G (p.His690Asp)	LDLR	H690D, H649D, H522D	Hypercholesterolemia, familial, 1	VCV000252204	19	11231126	19	11120450	252204	246499	rs757009067	NC_000019.10:11120449:C:G	single nucleotide variant	missense variant|intron variant	Uncertain significance	Mar 25, 2016	criteria provided, single submitter	NA	NA	NA	NA	NA	NA
NM_000527.5(LDLR):c.2070C>G (p.His690Gln)	LDLR	H522Q, H649Q, H690Q	Familial hypercholesterolemia	VCV004757291	19	11231128	19	11120452	4757291	4868625	NA	NC_000019.10:11120451:C:G	single nucleotide variant	missense variant|intron variant	Uncertain significance	Jun 23, 2025	criteria provided, single submitter	NA	NA	NA	NA	NA	NA
NM_000527.5(LDLR):c.2074C>T (p.Pro692Ser)	LDLR	P524S, P651S, P692S	Familial hypercholesterolemia	VCV004757755	19	11231132	19	11120456	4757755	4869088	NA	NC_000019.10:11120455:C:T	single nucleotide variant	missense variant|intron variant	Uncertain significance	Jul 17, 2025	criteria provided, single submitter	NA	NA	NA	NA	NA	NA
NM_000527.5(LDLR):c.2075C>G (p.Pro692Arg)	LDLR	P692R, P524R, P651R	not specified	VCV000633288	19	11231133	19	11120457	633288	621626	rs1568611894	NC_000019.10:11120456:C:G	single nucleotide variant	missense variant|intron variant	Uncertain significance	Oct 24, 2017	criteria provided, single submitter	NA	NA	NA	NA	NA	NA
NM_000527.5(LDLR):c.2077A>C (p.Lys693Gln)	LDLR	K693Q, K652Q, K525Q	Familial hypercholesterolemia	VCV001953034	19	11231135	19	11120459	1953034	2014468	rs2512431057	NC_000019.10:11120458:A:C	single nucleotide variant	missense variant|intron variant	Uncertain significance	Jun 2, 2021	criteria provided, single submitter	NA	NA	NA	NA	NA	NA
NM_000527.5(LDLR):c.2078A>G (p.Lys693Arg)	LDLR	K525R, K652R, K693R	Hypercholesterolemia, familial, 1	VCV003069563	19	11231136	19	11120460	3069563	3230188	rs1423497054	NC_000019.10:11120459:A:G	single nucleotide variant	missense variant|intron variant	Uncertain significance	Feb 24, 2023	criteria provided, single submitter	NA	NA	NA	NA	NA	NA
NM_000527.5(LDLR):c.2083A>C (p.Thr695Pro)	LDLR	T527P, T654P, T695P	Familial hypercholesterolemia	VCV001352275	19	11231141	19	11120465	1352275	1482811	rs1600744007	NC_000019.10:11120464:A:C	single nucleotide variant	missense variant|intron variant	Uncertain significance	Nov 11, 2024	criteria provided, single submitter	NA	NA	NA	NA	NA	NA
NM_000527.5(LDLR):c.2083A>G (p.Thr695Ala)	LDLR	T527A, T654A, T695A	Familial hypercholesterolemia	VCV000956013	19	11231141	19	11120465	956013	950652	rs1600744007	NC_000019.10:11120464:A:G	single nucleotide variant	missense variant|intron variant	Uncertain significance	Sep 1, 2021	criteria provided, single submitter	NA	NA	NA	NA	NA	NA
NM_000527.5(LDLR):c.2086T>C (p.Cys696Arg)	LDLR	C696R, C528R, C655R	Hypercholesterolemia, familial, 1	VCV000441228	19	11231144	19	11120468	441228	434851	rs1555807435	NC_000019.10:11120467:T:C	single nucleotide variant	missense variant|intron variant	Uncertain significance	Mar 1, 2016	criteria provided, single submitter	NA	NA	NA	NA	NA	NA
NM_000527.5(LDLR):c.2089G>A (p.Ala697Thr)	LDLR	A697T, A529T, A656T	Hypercholesterolemia, familial, 1	VCV000440678	19	11231147	19	11120471	440678	434329	rs776217028	NC_000019.10:11120470:G:A	single nucleotide variant	missense variant|intron variant	Uncertain significance	Oct 28, 2024	reviewed by expert panel	NA	NA	NA	NA	NA	NA
NM_000527.5(LDLR):c.2092T>G (p.Cys698Gly)	LDLR	C698G, C657G, C530G	Hypercholesterolemia, familial, 1	VCV000548083	19	11231150	19	11120474	548083	538580	rs1555807442	NC_000019.10:11120473:T:G	single nucleotide variant	missense variant|intron variant	Uncertain significance	Jan 2, 2018	criteria provided, single submitter	NA	NA	NA	NA	NA	NA
NM_000527.5(LDLR):c.2096C>T (p.Pro699Leu)	LDLR	P699L, P531L, P658L	Hypercholesterolemia, familial, 1	VCV000252219	19	11231154	19	11120478	252219	246513	rs201573863	NC_000019.10:11120477:C:T	single nucleotide variant	missense variant|intron variant	Uncertain significance	Jun 18, 2021	reviewed by expert panel	NA	NA	NA	NA	NA	NA
NM_000527.5(LDLR):c.2099A>T (p.Asp700Val)	LDLR	D659V, D700V, D532V	not specified	VCV004688317	19	11231157	19	11120481	4688317	4799777	NA	NC_000019.10:11120480:A:T	single nucleotide variant	missense variant|intron variant	Uncertain significance	Dec 15, 2025	criteria provided, single submitter	NA	NA	NA	NA	NA	NA
NM_000527.5(LDLR):c.2100C>G (p.Asp700Glu)	LDLR	D700E, D532E, D659E	Hypercholesterolemia, familial, 1	VCV000252221	19	11231158	19	11120482	252221	246516	rs759858813	NC_000019.10:11120481:C:G	single nucleotide variant	missense variant|intron variant	Uncertain significance	Mar 25, 2022	reviewed by expert panel	NA	NA	NA	NA	NA	NA
NM_000527.5(LDLR):c.2101G>A (p.Gly701Ser)	LDLR	G701S, G660S, G533S	Hypercholesterolemia, familial, 1	VCV000183130	19	11231159	19	11120483	183130	181272	rs368838866	NC_000019.10:11120482:G:A	single nucleotide variant	missense variant|intron variant	Uncertain significance	Jun 18, 2021	reviewed by expert panel	NA	NA	NA	NA	NA	NA
NM_000527.5(LDLR):c.2106G>C (p.Met702Ile)	LDLR	M534I, M702I, M661I	Hypercholesterolemia, familial, 1	VCV002057364	19	11231164	19	11120488	2057364	2116521	rs140731590	NC_000019.10:11120487:G:C	single nucleotide variant	missense variant|intron variant	Uncertain significance	Aug 30, 2024	reviewed by expert panel	NA	NA	NA	NA	NA	NA
NM_000527.5(LDLR):c.2106G>A (p.Met702Ile)	LDLR	M702I, M534I, M661I	Hypercholesterolemia, familial, 1	VCV000328053	19	11231164	19	11120488	328053	342628	rs140731590	NC_000019.10:11120487:G:A	single nucleotide variant	missense variant|intron variant	Uncertain significance	Aug 30, 2024	reviewed by expert panel	NA	NA	NA	NA	NA	NA
NM_000527.5(LDLR):c.2113G>T (p.Ala705Ser)	LDLR	A705S, A537S, A664S	Hypercholesterolemia, familial, 1	VCV000252224	19	11231171	19	11120495	252224	246519	rs193922570	NC_000019.10:11120494:G:T	single nucleotide variant	missense variant|intron variant	Uncertain significance	Feb 25, 2022	reviewed by expert panel	NA	NA	NA	NA	NA	NA
NM_000527.5(LDLR):c.2113G>C (p.Ala705Pro)	LDLR	A705P, A537P, A664P	Hypercholesterolemia, familial, 1	VCV000036459	19	11231171	19	11120495	36459	45122	rs193922570	NC_000019.10:11120494:G:C	single nucleotide variant	missense variant|intron variant	Uncertain significance	Feb 11, 2022	reviewed by expert panel	NA	NA	NA	NA	NA	NA
NM_000527.5(LDLR):c.2117G>A (p.Arg706Lys)	LDLR	R538K, R665K, R706K	Familial hypercholesterolemia	VCV004758043	19	11231175	19	11120499	4758043	4869376	NA	NC_000019.10:11120498:G:A	single nucleotide variant	missense variant|intron variant	Uncertain significance	Aug 30, 2025	criteria provided, single submitter	NA	NA	NA	NA	NA	NA
NM_000527.5(LDLR):c.2119G>C (p.Asp707His)	LDLR	D539H, D666H, D707H	Familial hypercholesterolemia	VCV003636912	19	11231177	19	11120501	3636912	3774496	NA	NC_000019.10:11120500:G:C	single nucleotide variant	missense variant|intron variant	Uncertain significance	Oct 23, 2024	criteria provided, single submitter	NA	NA	NA	NA	NA	NA
NM_000527.5(LDLR):c.2119G>A (p.Asp707Asn)	LDLR	D707N, D539N, D666N	Hypercholesterolemia, familial, 1	VCV000252225	19	11231177	19	11120501	252225	246520	rs879255142	NC_000019.10:11120500:G:A	single nucleotide variant	missense variant|intron variant	Uncertain significance	Feb 23, 2024	reviewed by expert panel	NA	NA	NA	NA	NA	NA
NM_000527.5(LDLR):c.2120A>T (p.Asp707Val)	LDLR	D707V, D666V, D539V	Hypercholesterolemia, familial, 1	VCV000252227	19	11231178	19	11120502	252227	246522	rs879255143	NC_000019.10:11120501:A:T	single nucleotide variant	missense variant|intron variant	Uncertain significance	Feb 23, 2024	reviewed by expert panel	NA	NA	NA	NA	NA	NA
NM_000527.5(LDLR):c.2121C>A (p.Asp707Glu)	LDLR	D707E, D666E, D539E	Familial hypercholesterolemia	VCV003636913	19	11231179	19	11120503	3636913	3774497	NA	NC_000019.10:11120502:C:A	single nucleotide variant	missense variant|intron variant	Uncertain significance	Jan 16, 2025	criteria provided, single submitter	NA	NA	NA	NA	NA	NA
NM_000527.5(LDLR):c.2123T>C (p.Met708Thr)	LDLR	M540T, M667T, M708T	Familial hypercholesterolemia|Hypercholesterolemia, familial, 1	VCV000920815	19	11231181	19	11120505	920815	914789	rs373839317	NC_000019.10:11120504:T:C	single nucleotide variant	intron variant|missense variant	Uncertain significance	Jun 4, 2025	criteria provided, multiple submitters, no conflicts	NA	NA	NA	NA	NA	NA
NM_000527.5(LDLR):c.2124G>A (p.Met708Ile)	LDLR	M667I, M708I, M540I	Familial hypercholesterolemia	VCV004762080	19	11231182	19	11120506	4762080	4881839	NA	NC_000019.10:11120505:G:A	single nucleotide variant	missense variant|intron variant	Uncertain significance	Oct 26, 2025	criteria provided, single submitter	NA	NA	NA	NA	NA	NA
NM_000527.5(LDLR):c.2125A>G (p.Arg709Gly)	LDLR	R709G, R541G, R668G	Hypercholesterolemia, familial, 1	VCV000375833	19	11231183	19	11120507	375833	362725	rs1057519684	NC_000019.10:11120506:A:G	single nucleotide variant	missense variant|intron variant	Uncertain significance	Oct 28, 2024	reviewed by expert panel	NA	NA	NA	NA	NA	NA
NM_000527.5(LDLR):c.2126G>A (p.Arg709Lys)	LDLR	R709K, R668K, R541K	Hypercholesterolemia, familial, 1	VCV000183132	19	11231184	19	11120508	183132	181274	rs730882113	NC_000019.10:11120507:G:A	single nucleotide variant	missense variant|intron variant	Uncertain significance	Oct 28, 2024	reviewed by expert panel	NA	NA	NA	NA	NA	NA
NM_000527.5(LDLR):c.2127_2128delinsCT (p.Arg709_Ser710delinsSerCys)	LDLR	NA	Familial hypercholesterolemia	VCV001415851	19	11231185 - 11231186	19	11120509 - 11120510	1415851	1371479	rs2147266595	NC_000019.10:11120508:GA:CT	Indel	missense variant|intron variant	Uncertain significance	Mar 23, 2021	criteria provided, single submitter	NA	NA	NA	NA	NA	NA
NM_000527.5(LDLR):c.2128A>C (p.Ser710Arg)	LDLR	S542R, S669R, S710R	Hypercholesterolemia, familial, 1	VCV004857289	19	11231186	19	11120510	4857289	4968211	NA	NC_000019.10:11120509:A:C	single nucleotide variant	missense variant|intron variant	Uncertain significance	May 18, 2026	criteria provided, single submitter	NA	NA	NA	NA	NA	NA
NM_000527.5(LDLR):c.2128A>G (p.Ser710Gly)	LDLR	S710G, S542G, S669G	Cardiovascular phenotype	VCV004843895	19	11231186	19	11120510	4843895	4956055	NA	NC_000019.10:11120509:A:G	single nucleotide variant	missense variant|intron variant	Uncertain significance	Jan 6, 2026	criteria provided, single submitter	NA	NA	NA	NA	NA	NA
NM_000527.5(LDLR):c.2129G>A (p.Ser710Asn)	LDLR	S542N, S669N, S710N	Hypercholesterolemia, familial, 1	VCV003075017	19	11231187	19	11120511	3075017	3234669	rs2147266612	NC_000019.10:11120510:G:A	single nucleotide variant	missense variant|intron variant	Uncertain significance	Dec 13, 2023	criteria provided, single submitter	NA	NA	NA	NA	NA	NA
NM_000527.5(LDLR):c.2131T>C (p.Cys711Arg)	LDLR	C543R, C670R, C711R	Familial hypercholesterolemia	VCV001380712	19	11231189	19	11120513	1380712	1421534	rs879255144	NC_000019.10:11120512:T:C	single nucleotide variant	missense variant|intron variant	Uncertain significance	Mar 23, 2021	criteria provided, single submitter	NA	NA	NA	NA	NA	NA
NM_000527.5(LDLR):c.2133C>G (p.Cys711Trp)	LDLR	C711W, C543W, C670W	Hypercholesterolemia, familial, 1	VCV000431539	19	11231191	19	11120515	431539	425053	rs879255146	NC_000019.10:11120514:C:G	single nucleotide variant	missense variant|intron variant	Uncertain significance	Mar 1, 2016	criteria provided, single submitter	NA	NA	NA	NA	NA	NA
NM_000527.5(LDLR):c.2138C>T (p.Thr713Ile)	LDLR	T545I, T672I, T713I	Familial hypercholesterolemia	VCV002419907	19	11231196	19	11120520	2419907	1948596	rs1218776502	NC_000019.10:11120519:C:T	single nucleotide variant	missense variant|intron variant	Uncertain significance	Jun 24, 2026	criteria provided, multiple submitters, no conflicts	NA	NA	NA	NA	NA	NA
NM_000527.5(LDLR):c.2138C>G (p.Thr713Arg)	LDLR	T545R, T713R, T672R	Familial hypercholesterolemia	VCV000925994	19	11231196	19	11120520	925994	914791	rs1218776502	NC_000019.10:11120519:C:G	single nucleotide variant	missense variant|intron variant	Uncertain significance	Oct 23, 2019	criteria provided, single submitter	NA	NA	NA	NA	NA	NA
NM_000527.5(LDLR):c.2141A>C (p.Glu714Ala)	LDLR	E536A, E714A, E673A, E546A	Familial hypercholesterolemia	VCV002165924	19	11233850	19	11123174	2165924	1902464	rs2077582918	NC_000019.10:11123173:A:C	single nucleotide variant	missense variant	Uncertain significance	Aug 20, 2022	criteria provided, single submitter	NA	NA	NA	NA	NA	NA
NM_000527.5(LDLR):c.2144C>G (p.Ala715Gly)	LDLR	A537G, A547G, A674G, A715G	Familial hypercholesterolemia	VCV004758480	19	11233853	19	11123177	4758480	4869811	NA	NC_000019.10:11123176:C:G	single nucleotide variant	missense variant	Uncertain significance	Sep 15, 2025	criteria provided, single submitter	NA	NA	NA	NA	NA	NA
NM_000527.5(LDLR):c.2147A>C (p.Glu716Ala)	LDLR	E538A, E548A, E675A, E716A	Hypercholesterolemia, familial, 1	VCV001171684	19	11233856	19	11123180	1171684	1161520	rs2147272755	NC_000019.10:11123179:A:C	single nucleotide variant	missense variant	Uncertain significance	Mar 28, 2025	reviewed by expert panel	NA	NA	NA	NA	NA	NA
NM_000527.5(LDLR):c.2149G>A (p.Ala717Thr)	LDLR	A717T, A549T, A676T, A539T	Hypercholesterolemia, familial, 1	VCV000226387	19	11233858	19	11123182	226387	228200	rs875989939	NC_000019.10:11123181:G:A	single nucleotide variant	missense variant	Uncertain significance	Feb 28, 2025	reviewed by expert panel	NA	NA	NA	NA	NA	NA
NM_000527.5(LDLR):c.2150C>G (p.Ala717Gly)	LDLR	A717G, A676G, A539G, A549G	Hypercholesterolemia, familial, 1	VCV000252242	19	11233859	19	11123183	252242	246535	rs879255150	NC_000019.10:11123182:C:G	single nucleotide variant	missense variant	Uncertain significance	Feb 28, 2025	reviewed by expert panel	NA	NA	NA	NA	NA	NA
NM_000527.5(LDLR):c.2158G>A (p.Ala720Thr)	LDLR	A542T, A552T, A679T, A720T	Hypercholesterolemia, familial, 1	VCV003070677	19	11233867	19	11123191	3070677	3230434	rs2512441110	NC_000019.10:11123190:G:A	single nucleotide variant	missense variant	Uncertain significance	May 4, 2023	criteria provided, single submitter	NA	NA	NA	NA	NA	NA
NM_000527.5(LDLR):c.2161A>G (p.Thr721Ala)	LDLR	T543A, T721A, T680A, T553A	Familial hypercholesterolemia	VCV001047002	19	11233870	19	11123194	1047002	1034090	rs2077583367	NC_000019.10:11123193:A:G	single nucleotide variant	missense variant	Uncertain significance	May 26, 2020	criteria provided, single submitter	NA	NA	NA	NA	NA	NA
NM_000527.5(LDLR):c.2165A>G (p.Gln722Arg)	LDLR	Q544R, Q554R, Q681R, Q722R	Dyslipidemia|not provided|Hypercholesterolemia, familial, 1	VCV000684870	19	11233874	19	11123198	684870	672453	rs1301407364	NC_000019.10:11123197:A:G	single nucleotide variant	missense variant	Uncertain significance	Apr 8, 2025	criteria provided, multiple submitters, no conflicts	NA	NA	NA	NA	NA	NA
NM_000527.5(LDLR):c.2170A>G (p.Thr724Ala)	LDLR	T546A, T556A, T683A, T724A	Familial hypercholesterolemia	VCV003894150	19	11233879	19	11123203	3894150	4010031	NA	NC_000019.10:11123202:A:G	single nucleotide variant	missense variant	Uncertain significance	Nov 4, 2024	criteria provided, single submitter	NA	NA	NA	NA	NA	NA
NM_000527.5(LDLR):c.2176A>G (p.Thr726Ala)	LDLR	T548A, T558A, T685A, T726A	Hypercholesterolemia, familial, 1|Familial hypercholesterolemia	VCV003386992	19	11233885	19	11123209	3386992	3546127	NA	NC_000019.10:11123208:A:G	single nucleotide variant	missense variant	Uncertain significance	Aug 13, 2024	criteria provided, multiple submitters, no conflicts	NA	NA	NA	NA	NA	NA
NM_000527.5(LDLR):c.2180T>A (p.Val727Asp)	LDLR	V727D, V686D, V549D, V559D	Familial hypercholesterolemia|Hypercholesterolemia, familial, 1	VCV000629507	19	11233889	19	11123213	629507	618956	rs1568614490	NC_000019.10:11123212:T:A	single nucleotide variant	missense variant	Uncertain significance	Dec 5, 2023	criteria provided, multiple submitters, no conflicts	NA	NA	NA	NA	NA	NA
NM_000527.5(LDLR):c.2184G>C (p.Arg728Ser)	LDLR	R728S, R550S, R560S, R687S	Hypercholesterolemia, familial, 1	VCV000431543	19	11233893	19	11123217	431543	425056	rs1135402781	NC_000019.10:11123216:G:C	single nucleotide variant	missense variant	Uncertain significance	Mar 1, 2016	criteria provided, single submitter	NA	NA	NA	NA	NA	NA
NM_000527.5(LDLR):c.2190G>T (p.Lys730Asn)	LDLR	K562N, K689N, K552N, K730N	Familial hypercholesterolemia|Hypercholesterolemia, familial, 1	VCV002773525	19	11233899	19	11123223	2773525	2934258	rs1430407684	NC_000019.10:11123222:G:T	single nucleotide variant	missense variant	Uncertain significance	Jun 9, 2024	criteria provided, multiple submitters, no conflicts	NA	NA	NA	NA	NA	NA
NM_000527.5(LDLR):c.2191G>A (p.Val731Ile)	LDLR	V553I, V563I, V690I, V731I	Familial hypercholesterolemia|Hypercholesterolemia, familial, 1	VCV003074846	19	11233900	19	11123224	3074846	3229812	rs1372262354	NC_000019.10:11123223:G:A	single nucleotide variant	missense variant	Uncertain significance	Jan 22, 2025	criteria provided, multiple submitters, no conflicts	NA	NA	NA	NA	NA	NA
NM_000527.5(LDLR):c.2195G>C (p.Ser732Thr)	LDLR	S554T, S564T, S691T, S732T	Familial hypercholesterolemia|Hypercholesterolemia, familial, 1|not provided	VCV000920816	19	11233904	19	11123228	920816	914796	rs764542721	NC_000019.10:11123227:G:C	single nucleotide variant	missense variant	Uncertain significance	Jul 1, 2025	criteria provided, multiple submitters, no conflicts	NA	NA	NA	NA	NA	NA
NM_000527.5(LDLR):c.2198C>T (p.Ser733Phe)	LDLR	S733F, S692F, S555F, S565F	Hypercholesterolemia, familial, 1	VCV000252254	19	11233907	19	11123231	252254	246547	rs879255162	NC_000019.10:11123230:C:T	single nucleotide variant	missense variant	Uncertain significance	Mar 25, 2016	criteria provided, single submitter	NA	NA	NA	NA	NA	NA
NM_000527.5(LDLR):c.2200A>G (p.Thr734Ala)	LDLR	T556A, T566A, T693A, T734A	Hypercholesterolemia, familial, 1	VCV003070989	19	11233909	19	11123233	3070989	3228573	rs201846170	NC_000019.10:11123232:A:G	single nucleotide variant	missense variant	Uncertain significance	May 16, 2023	criteria provided, single submitter	NA	NA	NA	NA	NA	NA
NM_000527.5(LDLR):c.2203G>A (p.Ala735Thr)	LDLR	A557T, A567T, A694T, A735T	Familial hypercholesterolemia	VCV004802607	19	11233912	19	11123236	4802607	4919759	NA	NC_000019.10:11123235:G:A	single nucleotide variant	missense variant	Uncertain significance	Mar 18, 2025	criteria provided, single submitter	NA	NA	NA	NA	NA	NA
NM_000527.5(LDLR):c.2207T>G (p.Val736Gly)	LDLR	V568G, V695G, V736G, V558G	Familial hypercholesterolemia	VCV002773526	19	11233916	19	11123240	2773526	2934259	rs2512441561	NC_000019.10:11123239:T:G	single nucleotide variant	missense variant	Uncertain significance	Mar 7, 2024	criteria provided, single submitter	NA	NA	NA	NA	NA	NA
NM_000527.5(LDLR):c.2211G>T (p.Arg737Ser)	LDLR	R559S, R569S, R696S, R737S	Familial hypercholesterolemia	VCV004799060	19	11233920	19	11123244	4799060	4918809	NA	NC_000019.10:11123243:G:T	single nucleotide variant	missense variant	Uncertain significance	Jul 2, 2025	criteria provided, single submitter	NA	NA	NA	NA	NA	NA
NM_000527.5(LDLR):c.2213C>T (p.Thr738Ile)	LDLR	T560I, T570I, T697I, T738I	Hypercholesterolemia, familial, 1	VCV003386994	19	11233922	19	11123246	3386994	3546129	NA	NC_000019.10:11123245:C:T	single nucleotide variant	missense variant	Uncertain significance	Aug 13, 2024	criteria provided, single submitter	NA	NA	NA	NA	NA	NA
NM_000527.5(LDLR):c.2215C>A (p.Gln739Lys)	LDLR	Q571K, Q561K, Q698K, Q739K	Familial hypercholesterolemia	VCV004710508	19	11233924	19	11123248	4710508	4821064	NA	NC_000019.10:11123247:C:A	single nucleotide variant	missense variant	Uncertain significance	Feb 18, 2025	criteria provided, single submitter	NA	NA	NA	NA	NA	NA
NM_000527.5(LDLR):c.2215C>G (p.Gln739Glu)	LDLR	Q561E, Q571E, Q698E, Q739E	Hypercholesterolemia, familial, 1|Familial hypercholesterolemia	VCV003386995	19	11233924	19	11123248	3386995	3546130	NA	NC_000019.10:11123247:C:G	single nucleotide variant	missense variant	Uncertain significance	Mar 24, 2024	criteria provided, multiple submitters, no conflicts	NA	NA	NA	NA	NA	NA
NM_000527.5(LDLR):c.2216A>G (p.Gln739Arg)	LDLR	Q561R, Q571R, Q698R, Q739R	Familial hypercholesterolemia	VCV003894161	19	11233925	19	11123249	3894161	4010042	NA	NC_000019.10:11123248:A:G	single nucleotide variant	missense variant	Uncertain significance	Nov 13, 2024	criteria provided, single submitter	NA	NA	NA	NA	NA	NA
NM_000527.5(LDLR):c.2224A>G (p.Thr742Ala)	LDLR	T742A, T574A, T701A, T564A	Hypercholesterolemia, familial, 1	VCV000629370	19	11233933	19	11123257	629370	618957	rs1568614637	NC_000019.10:11123256:A:G	single nucleotide variant	missense variant	Uncertain significance	Feb 28, 2025	reviewed by expert panel	NA	NA	NA	NA	NA	NA
NM_000527.5(LDLR):c.2225C>T (p.Thr742Ile)	LDLR	T742I, T564I, T574I, T701I	Hypercholesterolemia, familial, 1	VCV000252259	19	11233934	19	11123258	252259	246552	rs767546791	NC_000019.10:11123257:C:T	single nucleotide variant	missense variant	Uncertain significance	Feb 28, 2025	reviewed by expert panel	NA	NA	NA	NA	NA	NA
NM_000527.5(LDLR):c.2227A>G (p.Thr743Ala)	LDLR	T565A, T575A, T702A, T743A	Familial hypercholesterolemia	VCV001171930	19	11233936	19	11123260	1171930	1161521	rs2147273100	NC_000019.10:11123259:A:G	single nucleotide variant	missense variant	Uncertain significance	Mar 6, 2024	criteria provided, single submitter	NA	NA	NA	NA	NA	NA
NM_000527.5(LDLR):c.2228C>T (p.Thr743Ile)	LDLR	T575I, T565I, T702I, T743I	Hypercholesterolemia, familial, 1|Familial hypercholesterolemia	VCV002773527	19	11233937	19	11123261	2773527	2934260	rs1016186681	NC_000019.10:11123260:C:T	single nucleotide variant	missense variant	Uncertain significance	May 14, 2024	criteria provided, multiple submitters, no conflicts	NA	NA	NA	NA	NA	NA
NM_000527.5(LDLR):c.2230_2232delinsTGG (p.Arg744Trp)	LDLR	R566W, R576W, R703W, R744W	Cardiovascular phenotype|Familial hypercholesterolemia|Hypercholesterolemia, familial, 1	VCV003069245	19	11233939 - 11233941	19	11123263 - 11123265	3069245	3229872	rs2512441731	NC_000019.10:11123262:CGA:TGG	Indel	missense variant	Uncertain significance	Nov 3, 2025	criteria provided, multiple submitters, no conflicts	NA	NA	NA	NA	NA	NA
NM_000527.5(LDLR):c.2231_2232delinsAG (p.Arg744Gln)	LDLR	R703Q, R744Q, R566Q, R576Q	Hypercholesterolemia, familial, 1	VCV000456652	19	11233940 - 11233941	19	11123264 - 11123265	456652	470338	rs1555808091	NC_000019.10:11123263:GA:AG	Indel	missense variant	Uncertain significance	May 27, 2022	reviewed by expert panel	NA	NA	NA	NA	NA	NA
NM_000527.5(LDLR):c.2233C>A (p.Pro745Thr)	LDLR	P567T, P577T, P704T, P745T	Familial hypercholesterolemia	VCV004757458	19	11233942	19	11123266	4757458	4868792	NA	NC_000019.10:11123265:C:A	single nucleotide variant	missense variant	Uncertain significance	Jul 14, 2025	criteria provided, single submitter	NA	NA	NA	NA	NA	NA
NM_000527.5(LDLR):c.2233C>T (p.Pro745Ser)	LDLR	P567S, P577S, P704S, P745S	Hypercholesterolemia, familial, 1	VCV003069428	19	11233942	19	11123266	3069428	3230054	rs1013991512	NC_000019.10:11123265:C:T	single nucleotide variant	missense variant	Uncertain significance	Feb 10, 2023	criteria provided, single submitter	NA	NA	NA	NA	NA	NA
NM_000527.5(LDLR):c.2234C>T (p.Pro745Leu)	LDLR	P567L, P577L, P745L, P704L	Familial hypercholesterolemia	VCV002696143	19	11233943	19	11123267	2696143	2860998	rs2512441804	NC_000019.10:11123266:C:T	single nucleotide variant	missense variant	Uncertain significance	Nov 15, 2023	criteria provided, single submitter	NA	NA	NA	NA	NA	NA
NM_000527.5(LDLR):c.2239C>T (p.Pro747Ser)	LDLR	P706S, P747S, P569S, P579S	Familial hypercholesterolemia	VCV000920885	19	11233948	19	11123272	920885	914799	rs1484331319	NC_000019.10:11123271:C:T	single nucleotide variant	missense variant	Uncertain significance	Dec 5, 2023	criteria provided, single submitter	NA	NA	NA	NA	NA	NA
NM_000527.5(LDLR):c.2239C>A (p.Pro747Thr)	LDLR	P706T, P579T, P569T, P747T	Cardiovascular phenotype|Hypercholesterolemia, familial, 1|Familial hypercholesterolemia	VCV000918460	19	11233948	19	11123272	918460	914798	rs1484331319	NC_000019.10:11123271:C:A	single nucleotide variant	missense variant	Uncertain significance	Dec 24, 2025	criteria provided, multiple submitters, no conflicts	NA	NA	NA	NA	NA	NA
NM_000527.5(LDLR):c.2242G>C (p.Asp748His)	LDLR	D570H, D580H, D707H, D748H	Hypercholesterolemia, familial, 1	VCV003074006	19	11233951	19	11123275	3074006	3231142	rs150104358	NC_000019.10:11123274:G:C	single nucleotide variant	missense variant	Uncertain significance	Nov 30, 2023	criteria provided, single submitter	NA	NA	NA	NA	NA	NA
NM_000527.5(LDLR):c.2249C>T (p.Ser750Phe)	LDLR	S750F, S582F, S572F, S709F	Familial hypercholesterolemia|Hypercholesterolemia, familial, 1	VCV000431544	19	11233958	19	11123282	431544	425057	rs1135402782	NC_000019.10:11123281:C:T	single nucleotide variant	missense variant	Uncertain significance	Oct 9, 2025	criteria provided, multiple submitters, no conflicts	NA	NA	NA	NA	NA	NA
NM_000527.5(LDLR):c.2252G>A (p.Arg751Gln)	LDLR	R751Q, R573Q, R583Q, R710Q	Hypercholesterolemia, familial, 1	VCV000161286	19	11233961	19	11123285	161286	171221	rs200142970	NC_000019.10:11123284:G:A	single nucleotide variant	missense variant	Uncertain significance	May 30, 2022	reviewed by expert panel	NA	NA	NA	NA	NA	NA
NM_000527.5(LDLR):c.2269C>G (p.Pro757Ala)	LDLR	P757A, P716A, P579A, P589A	Familial hypercholesterolemia	VCV000629261	19	11233978	19	11123302	629261	618959	rs1568614801	NC_000019.10:11123301:C:G	single nucleotide variant	missense variant	Uncertain significance	Dec 5, 2023	criteria provided, single submitter	NA	NA	NA	NA	NA	NA
NM_000527.5(LDLR):c.2273G>T (p.Gly758Val)	LDLR	G758V, G580V, G590V, G717V	Familial hypercholesterolemia	VCV002048978	19	11233982	19	11123306	2048978	2114621	rs748540948	NC_000019.10:11123305:G:T	single nucleotide variant	missense variant	Uncertain significance	Sep 30, 2024	criteria provided, multiple submitters, no conflicts	NA	NA	NA	NA	NA	NA
NM_000527.5(LDLR):c.2273G>A (p.Gly758Glu)	LDLR	G717E, G590E, G758E, G580E	Familial hypercholesterolemia	VCV000921549	19	11233982	19	11123306	921549	914803	rs748540948	NC_000019.10:11123305:G:A	single nucleotide variant	missense variant	Uncertain significance	Mar 6, 2024	criteria provided, single submitter	NA	NA	NA	NA	NA	NA
NM_000527.5(LDLR):c.2279C>T (p.Thr760Ile)	LDLR	T760I, T582I, T592I, T719I	Hypercholesterolemia, familial, 1|not provided	VCV000441229	19	11233988	19	11123312	441229	434852	rs1555808147	NC_000019.10:11123311:C:T	single nucleotide variant	missense variant	Uncertain significance	May 18, 2025	criteria provided, multiple submitters, no conflicts	NA	NA	NA	NA	NA	NA
NM_000527.5(LDLR):c.2291T>G (p.Ile764Arg)	LDLR	I723R, I596R, I764R, I586R	Hypercholesterolemia, familial, 1	VCV000920005	19	11234000	19	11123324	920005	914805	rs759440817	NC_000019.10:11123323:T:G	single nucleotide variant	missense variant	Uncertain significance	Feb 28, 2025	reviewed by expert panel	NA	NA	NA	NA	NA	NA
NM_000527.5(LDLR):c.2294T>C (p.Val765Ala)	LDLR	V587A, V597A, V724A, V765A	Hypercholesterolemia, familial, 1	VCV003070251	19	11234003	19	11123327	3070251	3231739	rs879255170	NC_000019.10:11123326:T:C	single nucleotide variant	missense variant	Uncertain significance	Apr 3, 2023	criteria provided, single submitter	NA	NA	NA	NA	NA	NA
NM_000527.5(LDLR):c.2296A>G (p.Thr766Ala)	LDLR	T766A, T598A, T588A, T725A	Hypercholesterolemia, familial, 1	VCV000252267	19	11234005	19	11123329	252267	246560	rs879255171	NC_000019.10:11123328:A:G	single nucleotide variant	missense variant	Uncertain significance	Oct 28, 2024	reviewed by expert panel	NA	NA	NA	NA	NA	NA
NM_000527.5(LDLR):c.2297C>T (p.Thr766Ile)	LDLR	T766I, T588I, T598I, T725I	Hypercholesterolemia, familial, 1	VCV000252269	19	11234006	19	11123330	252269	246561	rs879255173	NC_000019.10:11123329:C:T	single nucleotide variant	missense variant	Uncertain significance	Oct 28, 2024	reviewed by expert panel	NA	NA	NA	NA	NA	NA
NM_000527.5(LDLR):c.2299A>G (p.Met767Val)	LDLR	M589V, M599V, M726V, M767V	Familial hypercholesterolemia|Hypercholesterolemia, familial, 1	VCV003071847	19	11234008	19	11123332	3071847	3232025	rs987956766	NC_000019.10:11123331:A:G	single nucleotide variant	missense variant	Uncertain significance	Jul 10, 2025	criteria provided, multiple submitters, no conflicts	NA	NA	NA	NA	NA	NA
NM_000527.5(LDLR):c.2300T>G (p.Met767Arg)	LDLR	M589R, M599R, M726R, M767R	Familial hypercholesterolemia	VCV003636914	19	11234009	19	11123333	3636914	3774498	NA	NC_000019.10:11123332:T:G	single nucleotide variant	missense variant	Uncertain significance	Jul 27, 2025	criteria provided, single submitter	NA	NA	NA	NA	NA	NA
NM_000527.5(LDLR):c.2302T>C (p.Ser768Pro)	LDLR	S590P, S600P, S727P, S768P	Familial hypercholesterolemia	VCV004069781	19	11234011	19	11123335	4069781	4180217	NA	NC_000019.10:11123334:T:C	single nucleotide variant	missense variant	Uncertain significance	Mar 17, 2025	no assertion criteria provided	NA	NA	NA	NA	NA	NA
NM_000527.5(LDLR):c.2305C>T (p.His769Tyr)	LDLR	H591Y, H601Y, H728Y, H769Y	Familial hypercholesterolemia	VCV002198734	19	11234014	19	11123338	2198734	1930483	rs143461141	NC_000019.10:11123337:C:T	single nucleotide variant	missense variant	Uncertain significance	Dec 25, 2021	criteria provided, single submitter	NA	NA	NA	NA	NA	NA
NM_000527.5(LDLR):c.2308C>G (p.Gln770Glu)	LDLR	Q770E, Q602E, Q729E, Q592E	Familial hypercholesterolemia	VCV000921550	19	11234017	19	11123341	921550	914807	rs763625913	NC_000019.10:11123340:C:G	single nucleotide variant	missense variant	Uncertain significance	Mar 6, 2024	criteria provided, single submitter	NA	NA	NA	NA	NA	NA
NM_000527.5(LDLR):c.2311G>C (p.Ala771Pro)	LDLR	A730P, A593P, A771P, A603P	Familial hypercholesterolemia	VCV003663769	19	11234020	19	11123344	3663769	3798360	NA	NC_000019.10:11123343:G:C	single nucleotide variant	missense variant	Uncertain significance	Aug 28, 2024	criteria provided, single submitter	NA	NA	NA	NA	NA	NA
NM_000527.5(LDLR):c.2312C>A (p.Ala771Asp)	LDLR	A603D, A730D, A771D, A593D	not provided	VCV003572130	19	11238684	19	11128008	3572130	3731031	NA	NC_000019.10:11128007:C:A	single nucleotide variant	missense variant	Uncertain significance	Aug 6, 2024	criteria provided, single submitter	NA	NA	NA	NA	NA	NA
NM_000527.5(LDLR):c.2315T>C (p.Leu772Pro)	LDLR	L604P, L594P, L731P, L772P	Familial hypercholesterolemia|not provided	VCV000919905	19	11238687	19	11128011	919905	914808	rs754328605	NC_000019.10:11128010:T:C	single nucleotide variant	missense variant	Uncertain significance	Dec 5, 2023	criteria provided, multiple submitters, no conflicts	NA	NA	NA	NA	NA	NA
NM_000527.5(LDLR):c.2320G>T (p.Asp774Tyr)	LDLR	D596Y, D733Y, D774Y, D606Y	Familial hypercholesterolemia	VCV000959492	19	11238692	19	11128016	959492	950653	rs138190838	NC_000019.10:11128015:G:T	single nucleotide variant	missense variant	Uncertain significance	Aug 23, 2019	criteria provided, single submitter	NA	NA	NA	NA	NA	NA
NM_000527.5(LDLR):c.2323G>T (p.Val775Phe)	LDLR	V597F, V607F, V734F, V775F	Familial hypercholesterolemia	VCV003894131	19	11238695	19	11128019	3894131	4010012	NA	NC_000019.10:11128018:G:T	single nucleotide variant	missense variant	Uncertain significance	Oct 15, 2024	criteria provided, single submitter	NA	NA	NA	NA	NA	NA
NM_000527.5(LDLR):c.2323G>A (p.Val775Ile)	LDLR	V775I, V607I, V734I, V597I	Hypercholesterolemia, familial, 1	VCV000630377	19	11238695	19	11128019	630377	618963	rs199766976	NC_000019.10:11128018:G:A	single nucleotide variant	missense variant	Uncertain significance	Mar 28, 2025	reviewed by expert panel	NA	NA	NA	NA	NA	NA
NM_000527.5(LDLR):c.2324T>C (p.Val775Ala)	LDLR	V775A, V607A, V597A, V734A	Hypercholesterolemia, familial, 1	VCV000440691	19	11238696	19	11128020	440691	434342	rs780300776	NC_000019.10:11128019:T:C	single nucleotide variant	missense variant	Uncertain significance	Mar 28, 2025	reviewed by expert panel	NA	NA	NA	NA	NA	NA
NM_000527.5(LDLR):c.2326G>C (p.Ala776Pro)	LDLR	A735P, A608P, A776P, A598P	Familial hypercholesterolemia	VCV002015556	19	11238698	19	11128022	2015556	2068354	rs2512455636	NC_000019.10:11128021:G:C	single nucleotide variant	missense variant	Uncertain significance	Jul 9, 2022	criteria provided, single submitter	NA	NA	NA	NA	NA	NA
NM_000527.5(LDLR):c.2329_2330delinsAA (p.Gly777Asn)	LDLR	G599N, G609N, G736N, G777N	Familial hypercholesterolemia	VCV003893938	19	11238701 - 11238702	19	11128025 - 11128026	3893938	4009819	NA	NC_000019.10:11128024:GG:AA	Indel	missense variant	Uncertain significance	Jun 12, 2024	criteria provided, single submitter	NA	NA	NA	NA	NA	NA
NM_000527.5(LDLR):c.2329G>A (p.Gly777Ser)	LDLR	G599S, G609S, G736S, G777S	Hypercholesterolemia, familial, 1	VCV003386996	19	11238701	19	11128025	3386996	3546131	NA	NC_000019.10:11128024:G:A	single nucleotide variant	missense variant	Uncertain significance	Mar 24, 2024	criteria provided, single submitter	NA	NA	NA	NA	NA	NA
NM_000527.5(LDLR):c.2330G>A (p.Gly777Asp)	LDLR	G599D, G609D, G736D, G777D	Hypercholesterolemia, familial, 1	VCV003386997	19	11238702	19	11128026	3386997	3546132	NA	NC_000019.10:11128025:G:A	single nucleotide variant	missense variant	Uncertain significance	Mar 24, 2024	criteria provided, single submitter	NA	NA	NA	NA	NA	NA
NM_000527.5(LDLR):c.2330G>T (p.Gly777Val)	LDLR	G599V, G609V, G777V, G736V	Cardiovascular phenotype|Familial hypercholesterolemia	VCV002773528	19	11238702	19	11128026	2773528	2934261	rs1179258898	NC_000019.10:11128025:G:T	single nucleotide variant	missense variant	Uncertain significance	Sep 1, 2025	criteria provided, multiple submitters, no conflicts	NA	NA	NA	NA	NA	NA
NM_000527.5(LDLR):c.2336G>C (p.Gly779Ala)	LDLR	G601A, G611A, G738A, G779A	Cardiovascular phenotype|not specified	VCV001789783	19	11238708	19	11128032	1789783	1847914	rs1392900653	NC_000019.10:11128031:G:C	single nucleotide variant	missense variant	Uncertain significance	Sep 14, 2025	criteria provided, multiple submitters, no conflicts	NA	NA	NA	NA	NA	NA
NM_000527.5(LDLR):c.2341G>A (p.Glu781Lys)	LDLR	E603K, E613K, E740K, E781K	Hypercholesterolemia, familial, 1	VCV003075049	19	11238713	19	11128037	3075049	3234701	rs2147283349	NC_000019.10:11128036:G:A	single nucleotide variant	missense variant	Uncertain significance	Dec 18, 2023	criteria provided, single submitter	NA	NA	NA	NA	NA	NA
NM_000527.5(LDLR):c.2346G>C (p.Lys782Asn)	LDLR	K782N, K614N, K741N, K604N	Hypercholesterolemia, familial, 1	VCV000375838	19	11238718	19	11128042	375838	362730	rs1057519688	NC_000019.10:11128041:G:C	single nucleotide variant	missense variant	Uncertain significance	Dec 16, 2016	criteria provided, single submitter	NA	NA	NA	NA	NA	NA
NM_000527.5(LDLR):c.2347A>C (p.Lys783Gln)	LDLR	K615Q, K742Q, K605Q, K783Q	Familial hypercholesterolemia|Cardiovascular phenotype|Dyslipidemia	VCV000920818	19	11238719	19	11128043	920818	914810	rs769318961	NC_000019.10:11128042:A:C	single nucleotide variant	missense variant	Uncertain significance	Jun 2, 2025	criteria provided, multiple submitters, no conflicts	NA	NA	NA	NA	NA	NA
NM_000527.5(LDLR):c.2350C>T (p.Pro784Ser)	LDLR	P606S, P616S, P743S, P784S	Familial hypercholesterolemia	VCV000918645	19	11238722	19	11128046	918645	914811	rs2077661446	NC_000019.10:11128045:C:T	single nucleotide variant	missense variant	Uncertain significance	Dec 5, 2023	criteria provided, single submitter	NA	NA	NA	NA	NA	NA
NM_000527.5(LDLR):c.2359G>A (p.Val787Met)	LDLR	V787M, V746M, V609M, V619M	Familial hypercholesterolemia|not provided|Hypercholesterolemia, familial, 1	VCV000430836	19	11238731	19	11128055	430836	424344	rs143771219	NC_000019.10:11128054:G:A	single nucleotide variant	missense variant	Uncertain significance	Aug 23, 2024	criteria provided, multiple submitters, no conflicts	NA	NA	NA	NA	NA	NA
NM_000527.5(LDLR):c.2363G>A (p.Arg788Lys)	LDLR	R610K, R620K, R747K, R788K	Hypercholesterolemia, familial, 1	VCV003075244	19	11238735	19	11128059	3075244	3234895	rs1438784616	NC_000019.10:11128058:G:A	single nucleotide variant	missense variant	Uncertain significance	Jan 3, 2024	criteria provided, single submitter	NA	NA	NA	NA	NA	NA
NM_000527.5(LDLR):c.2365G>T (p.Ala789Ser)	LDLR	A611S, A789S, A621S, A748S	Familial hypercholesterolemia	VCV002090561	19	11238737	19	11128061	2090561	2148365	rs900328962	NC_000019.10:11128060:G:T	single nucleotide variant	missense variant	Uncertain significance	Apr 21, 2022	criteria provided, single submitter	NA	NA	NA	NA	NA	NA
NM_000527.5(LDLR):c.2366C>G (p.Ala789Gly)	LDLR	A789G, A611G, A748G, A621G	Familial hypercholesterolemia	VCV000834160	19	11238738	19	11128062	834160	847219	rs1286799492	NC_000019.10:11128061:C:G	single nucleotide variant	missense variant	Uncertain significance	Nov 22, 2023	criteria provided, multiple submitters, no conflicts	NA	NA	NA	NA	NA	NA
NM_000527.5(LDLR):c.2372C>T (p.Ser791Phe)	LDLR	S750F, S623F, S791F, S613F	Familial hypercholesterolemia	VCV004781681	19	11238744	19	11128068	4781681	4893207	NA	NC_000019.10:11128067:C:T	single nucleotide variant	missense variant	Uncertain significance	Sep 14, 2025	criteria provided, single submitter	NA	NA	NA	NA	NA	NA
NM_000527.5(LDLR):c.2374A>G (p.Ile792Val)	LDLR	I792V, I614V, I751V, I624V	Familial hypercholesterolemia	VCV002158306	19	11238746	19	11128070	2158306	1886683	rs761123215	NC_000019.10:11128069:A:G	single nucleotide variant	missense variant	Uncertain significance	Mar 4, 2022	criteria provided, single submitter	NA	NA	NA	NA	NA	NA
NM_000527.5(LDLR):c.2374A>T (p.Ile792Phe)	LDLR	I792F, I624F, I614F, I751F	Hypercholesterolemia, familial, 1	VCV000252294	19	11238746	19	11128070	252294	246581	rs761123215	NC_000019.10:11128069:A:T	single nucleotide variant	missense variant	Uncertain significance	Aug 26, 2022	reviewed by expert panel	NA	NA	NA	NA	NA	NA
NM_000527.5(LDLR):c.2375T>C (p.Ile792Thr)	LDLR	I792T, I624T, I751T, I614T	Hypercholesterolemia, familial, 1	VCV000252295	19	11238747	19	11128071	252295	246582	rs764493597	NC_000019.10:11128070:T:C	single nucleotide variant	missense variant	Uncertain significance	Aug 26, 2022	reviewed by expert panel	NA	NA	NA	NA	NA	NA
NM_000527.5(LDLR):c.2381T>A (p.Leu794His)	LDLR	L616H, L626H, L794H, L753H	Familial hypercholesterolemia	VCV002099074	19	11238753	19	11128077	2099074	2154388	rs2512455943	NC_000019.10:11128076:T:A	single nucleotide variant	missense variant	Uncertain significance	Feb 18, 2022	criteria provided, single submitter	NA	NA	NA	NA	NA	NA
NM_000527.5(LDLR):c.2384C>G (p.Pro795Arg)	LDLR	P617R, P795R, P627R, P754R	Cardiovascular phenotype	VCV002542522	19	11238756	19	11128080	2542522	2712822	rs879255184	NC_000019.10:11128079:C:G	single nucleotide variant	missense variant	Uncertain significance	May 12, 2023	criteria provided, single submitter	NA	NA	NA	NA	NA	NA
NM_000527.5(LDLR):c.2386A>G (p.Ile796Val)	LDLR	I628V, I796V, I618V, I755V	Hypercholesterolemia, familial, 1|Familial hypercholesterolemia	VCV002919631	19	11238758	19	11128082	2919631	3072513	rs1451813521	NC_000019.10:11128081:A:G	single nucleotide variant	missense variant	Uncertain significance	Jul 20, 2024	criteria provided, multiple submitters, no conflicts	NA	NA	NA	NA	NA	NA
NM_000527.5(LDLR):c.2387T>G (p.Ile796Ser)	LDLR	I796S, I628S, I618S, I755S	Familial hypercholesterolemia	VCV003708573	19	11238759	19	11128083	3708573	3846762	NA	NC_000019.10:11128082:T:G	single nucleotide variant	missense variant	Uncertain significance	Apr 29, 2024	criteria provided, single submitter	NA	NA	NA	NA	NA	NA
NM_000527.5(LDLR):c.2392C>T (p.Leu798Phe)	LDLR	L620F, L630F, L757F, L798F	Hypercholesterolemia, familial, 1	VCV003386998	19	11240191	19	11129515	3386998	3546133	NA	NC_000019.10:11129514:C:T	single nucleotide variant	missense variant	Uncertain significance	Aug 13, 2024	criteria provided, single submitter	NA	NA	NA	NA	NA	NA
NM_000527.5(LDLR):c.2393T>G (p.Leu798Arg)	LDLR	L757R, L620R, L630R, L798R	Cardiovascular phenotype	VCV003537735	19	11240192	19	11129516	3537735	3698955	NA	NC_000019.10:11129515:T:G	single nucleotide variant	missense variant	Uncertain significance	Jul 29, 2024	criteria provided, single submitter	NA	NA	NA	NA	NA	NA
NM_000527.5(LDLR):c.2395C>T (p.Leu799Phe)	LDLR	L621F, L631F, L758F, L799F	Familial hypercholesterolemia	VCV001024550	19	11240194	19	11129518	1024550	1013516	rs72658869	NC_000019.10:11129517:C:T	single nucleotide variant	missense variant	Uncertain significance	Jan 1, 2024	criteria provided, single submitter	NA	NA	NA	NA	NA	NA
NM_000527.5(LDLR):c.2398G>C (p.Val800Leu)	LDLR	V622L, V632L, V759L, V800L	Familial hypercholesterolemia	VCV004069786	19	11240197	19	11129521	4069786	4180222	NA	NC_000019.10:11129520:G:C	single nucleotide variant	missense variant	Uncertain significance	Feb 27, 2025	no assertion criteria provided	NA	NA	NA	NA	NA	NA
NM_000527.5(LDLR):c.2408G>C (p.Cys803Ser)	LDLR	C803S, C635S, C625S, C762S	Familial hypercholesterolemia	VCV002828347	19	11240207	19	11129531	2828347	2990285	rs2512460717	NC_000019.10:11129530:G:C	single nucleotide variant	missense variant	Uncertain significance	Jan 14, 2023	criteria provided, single submitter	NA	NA	NA	NA	NA	NA
NM_000527.5(LDLR):c.2410C>A (p.Leu804Met)	LDLR	L626M, L636M, L763M, L804M	Hypercholesterolemia, familial, 1|Familial hypercholesterolemia	VCV003386999	19	11240209	19	11129533	3386999	3546134	NA	NC_000019.10:11129532:C:A	single nucleotide variant	missense variant	Uncertain significance	Aug 6, 2024	criteria provided, multiple submitters, no conflicts	NA	NA	NA	NA	NA	NA
NM_000527.5(LDLR):c.2411T>C (p.Leu804Pro)	LDLR	L804P, L636P, L626P, L763P	Familial hypercholesterolemia|not specified|Hypercholesterolemia, familial, 1	VCV000252327	19	11240210	19	11129534	252327	246612	rs879255203	NC_000019.10:11129533:T:C	single nucleotide variant	missense variant	Uncertain significance	Jul 10, 2024	criteria provided, multiple submitters, no conflicts	NA	NA	NA	NA	NA	NA
NM_000527.5(LDLR):c.2416G>C (p.Val806Leu)	LDLR	V628L, V638L, V765L, V806L	Hypercholesterolemia, familial, 1	VCV003072625	19	11240215	19	11129539	3072625	3231066	rs745429866	NC_000019.10:11129538:G:C	single nucleotide variant	missense variant	Uncertain significance	Aug 15, 2023	criteria provided, single submitter	NA	NA	NA	NA	NA	NA
NM_000527.5(LDLR):c.2416G>T (p.Val806Phe)	LDLR	V806F, V638F, V765F, V628F	Familial hypercholesterolemia|Hypercholesterolemia, familial, 1|not specified	VCV000630379	19	11240215	19	11129539	630379	618964	rs745429866	NC_000019.10:11129538:G:T	single nucleotide variant	missense variant	Uncertain significance	Feb 14, 2026	criteria provided, multiple submitters, no conflicts	NA	NA	NA	NA	NA	NA
NM_000527.5(LDLR):c.2422C>T (p.Leu808Phe)	LDLR	L630F, L640F, L767F, L808F	Hypercholesterolemia, familial, 1	VCV004526519	19	11240221	19	11129545	4526519	4638916	NA	NC_000019.10:11129544:C:T	single nucleotide variant	missense variant	Uncertain significance	Oct 19, 2023	criteria provided, single submitter	NA	NA	NA	NA	NA	NA
NM_000527.5(LDLR):c.2430G>C (p.Trp810Cys)	LDLR	W642C, W632C, W769C, W810C	Familial hypercholesterolemia	VCV002851350	19	11240229	19	11129553	2851350	3009852	rs879255210	NC_000019.10:11129552:G:C	single nucleotide variant	missense variant	Uncertain significance	Apr 1, 2023	criteria provided, single submitter	NA	NA	NA	NA	NA	NA
NM_000527.5(LDLR):c.2432A>G (p.Lys811Arg)	LDLR	K643R, K811R, K633R, K770R	Familial hypercholesterolemia	VCV002773529	19	11240231	19	11129555	2773529	2934262	rs2512461031	NC_000019.10:11129554:A:G	single nucleotide variant	missense variant	Uncertain significance	Mar 6, 2024	criteria provided, single submitter	NA	NA	NA	NA	NA	NA
NM_000527.5(LDLR):c.2433G>C (p.Lys811Asn)	LDLR	K633N, K643N, K770N, K811N	Hypercholesterolemia, familial, 1	VCV003073105	19	11240232	19	11129556	3073105	3229375	rs2512461039	NC_000019.10:11129555:G:C	single nucleotide variant	missense variant	Uncertain significance	Aug 23, 2023	criteria provided, single submitter	NA	NA	NA	NA	NA	NA
NM_000527.5(LDLR):c.2437T>C (p.Trp813Arg)	LDLR	W635R, W645R, W772R, W813R	Familial hypercholesterolemia	VCV004069792	19	11240236	19	11129560	4069792	4180228	NA	NC_000019.10:11129559:T:C	single nucleotide variant	missense variant	Uncertain significance	Feb 7, 2025	no assertion criteria provided	NA	NA	NA	NA	NA	NA
NM_000527.5(LDLR):c.2440C>T (p.Arg814Trp)	LDLR	R773W, R636W, R646W, R814W	Hypercholesterolemia, familial, 1	VCV001509293	19	11240239	19	11129563	1509293	1364914	rs746616623	NC_000019.10:11129562:C:T	single nucleotide variant	missense variant	Uncertain significance	Aug 30, 2024	reviewed by expert panel	NA	NA	NA	NA	NA	NA
NM_000527.5(LDLR):c.2441G>A (p.Arg814Gln)	LDLR	R814Q, R646Q, R636Q, R773Q	Hypercholesterolemia, familial, 1	VCV000161278	19	11240240	19	11129564	161278	171223	rs5928	NC_000019.10:11129563:G:A	single nucleotide variant	missense variant	Uncertain significance	Aug 30, 2024	reviewed by expert panel	NA	NA	NA	NA	NA	NA
NM_000527.5(LDLR):c.2444T>A (p.Leu815His)	LDLR	L637H, L647H, L774H, L815H	Familial hypercholesterolemia	VCV000979144	19	11240243	19	11129567	979144	967213	rs2077687532	NC_000019.10:11129566:T:A	single nucleotide variant	missense variant	Uncertain significance	NA	criteria provided, single submitter	NA	NA	NA	NA	NA	NA
NM_000527.5(LDLR):c.2446A>G (p.Lys816Glu)	LDLR	K638E, K648E, K775E, K816E	Hypercholesterolemia, familial, 1	VCV003074591	19	11240245	19	11129569	3074591	3229558	rs879255213	NC_000019.10:11129568:A:G	single nucleotide variant	missense variant	Uncertain significance	Nov 20, 2023	criteria provided, single submitter	NA	NA	NA	NA	NA	NA
NM_000527.5(LDLR):c.2446A>C (p.Lys816Gln)	LDLR	K816Q, K775Q, K638Q, K648Q	Hypercholesterolemia, familial, 1	VCV000440697	19	11240245	19	11129569	440697	434348	rs879255213	NC_000019.10:11129568:A:C	single nucleotide variant	missense variant	Uncertain significance	Apr 28, 2023	reviewed by expert panel	NA	NA	NA	NA	NA	NA
NM_000527.5(LDLR):c.2447A>G (p.Lys816Arg)	LDLR	K638R, K648R, K775R, K816R	Cardiovascular phenotype	VCV001791406	19	11240246	19	11129570	1791406	1848226	rs2512461156	NC_000019.10:11129569:A:G	single nucleotide variant	missense variant	Uncertain significance	Aug 23, 2021	criteria provided, single submitter	NA	NA	NA	NA	NA	NA
NM_000527.5(LDLR):c.2448G>C (p.Lys816Asn)	LDLR	K816N, K638N, K775N, K648N	Hypercholesterolemia, familial, 1	VCV000440698	19	11240247	19	11129571	440698	434349	rs1399689294	NC_000019.10:11129570:G:C	single nucleotide variant	missense variant	Uncertain significance	Apr 28, 2023	reviewed by expert panel	NA	NA	NA	NA	NA	NA
NM_000527.5(LDLR):c.2452A>G (p.Ile818Val)	LDLR	I640V, I650V, I777V, I818V	Familial hypercholesterolemia	VCV001332142	19	11240251	19	11129575	1332142	1322862	rs2147287069	NC_000019.10:11129574:A:G	single nucleotide variant	missense variant	Uncertain significance	Mar 6, 2024	criteria provided, single submitter	NA	NA	NA	NA	NA	NA
NM_000527.5(LDLR):c.2456A>G (p.Asn819Ser)	LDLR	N641S, N651S, N778S, N819S	Hypercholesterolemia, familial, 1	VCV003073689	19	11240255	19	11129579	3073689	3232559	rs2512461227	NC_000019.10:11129578:A:G	single nucleotide variant	missense variant	Uncertain significance	Oct 6, 2023	criteria provided, single submitter	NA	NA	NA	NA	NA	NA
NM_000527.5(LDLR):c.2465A>G (p.Asn822Ser)	LDLR	N644S, N654S, N781S, N822S	Hypercholesterolemia, familial, 1	VCV003071181	19	11240264	19	11129588	3071181	3228762	rs2512461276	NC_000019.10:11129587:A:G	single nucleotide variant	missense variant	Uncertain significance	May 31, 2023	criteria provided, single submitter	NA	NA	NA	NA	NA	NA
NM_000527.5(LDLR):c.2476C>T (p.Pro826Ser)	LDLR	P826S, P785S, P648S, P658S	Hypercholesterolemia, familial, 1	VCV000440699	19	11240275	19	11129599	440699	434350	rs879255217	NC_000019.10:11129598:C:T	single nucleotide variant	missense variant	Uncertain significance	Aug 4, 2026	criteria provided, single submitter	NA	NA	NA	NA	NA	NA
NM_000527.5(LDLR):c.2479G>T (p.Val827Phe)	LDLR	V827F, V659F, V786F, V649F	Hypercholesterolemia, familial, 1	VCV000375840	19	11240278	19	11129602	375840	362732	rs137853964	NC_000019.10:11129601:G:T	single nucleotide variant	missense variant	Uncertain significance	Jan 28, 2022	reviewed by expert panel	NA	NA	NA	NA	NA	NA
NM_000527.5(LDLR):c.2479G>A (p.Val827Ile)	LDLR	V827I, V649I, V659I, V786I	Hypercholesterolemia, familial, 1	VCV000036462	19	11240278	19	11129602	36462	45125	rs137853964	NC_000019.10:11129601:G:A	single nucleotide variant	missense variant	Uncertain significance	Jun 22, 2021	reviewed by expert panel	NA	NA	NA	NA	NA	NA
NM_000527.5(LDLR):c.2480T>A (p.Val827Asp)	LDLR	V649D, V659D, V827D, V786D	Hypercholesterolemia, familial, 1	VCV000963080	19	11240279	19	11129603	963080	950654	rs2077688361	NC_000019.10:11129602:T:A	single nucleotide variant	missense variant	Uncertain significance	Jan 28, 2022	reviewed by expert panel	NA	NA	NA	NA	NA	NA
NM_000527.5(LDLR):c.2494A>G (p.Thr832Ala)	LDLR	T654A, T664A, T791A, T832A	Hypercholesterolemia, familial, 1	VCV003074135	19	11240293	19	11129617	3074135	3231271	rs2512461553	NC_000019.10:11129616:A:G	single nucleotide variant	missense variant	Uncertain significance	Dec 1, 2023	criteria provided, single submitter	NA	NA	NA	NA	NA	NA
NM_000527.5(LDLR):c.2497G>A (p.Glu833Lys)	LDLR	E833K, E792K, E655K, E665K	Cardiovascular phenotype|Familial hypercholesterolemia	VCV000628154	19	11240296	19	11129620	628154	618965	rs1568619741	NC_000019.10:11129619:G:A	single nucleotide variant	missense variant	Uncertain significance	Jul 12, 2024	criteria provided, multiple submitters, no conflicts	NA	NA	NA	NA	NA	NA
NM_000527.5(LDLR):c.2499G>T (p.Glu833Asp)	LDLR	E833D, E792D, E655D, E665D	Familial hypercholesterolemia	VCV000630380	19	11240298	19	11129622	630380	618966	rs752936229	NC_000019.10:11129621:G:T	single nucleotide variant	missense variant	Uncertain significance	Dec 5, 2023	criteria provided, single submitter	NA	NA	NA	NA	NA	NA
NM_000527.5(LDLR):c.2500G>C (p.Asp834His)	LDLR	D656H, D666H, D793H, D834H	not provided|Cardiovascular phenotype|Familial hypercholesterolemia|not specified	VCV002681998	19	11240299	19	11129623	2681998	2843031	rs1171570203	NC_000019.10:11129622:G:C	single nucleotide variant	missense variant	Uncertain significance	Jul 17, 2025	criteria provided, multiple submitters, no conflicts	NA	NA	NA	NA	NA	NA
NM_000527.5(LDLR):c.2501A>G (p.Asp834Gly)	LDLR	D656G, D666G, D793G, D834G	Familial hypercholesterolemia	VCV004069768	19	11240300	19	11129624	4069768	4180204	NA	NC_000019.10:11129623:A:G	single nucleotide variant	missense variant	Uncertain significance	Apr 15, 2025	no assertion criteria provided	NA	NA	NA	NA	NA	NA
NM_000527.5(LDLR):c.2510A>G (p.His837Arg)	LDLR	H837R, H659R, H669R, H796R	not specified|not provided|Cardiovascular phenotype|Familial hypercholesterolemia|Hypercholesterolemia, familial, 1	VCV000630381	19	11240309	19	11129633	630381	618968	rs150631538	NC_000019.10:11129632:A:G	single nucleotide variant	missense variant	Uncertain significance	Jan 19, 2026	criteria provided, multiple submitters, no conflicts	NA	NA	NA	NA	NA	NA
NM_000527.5(LDLR):c.2512A>G (p.Ile838Val)	LDLR	I670V, I838V, I797V, I660V	not provided	VCV000801199	19	11240311	19	11129635	801199	789650	rs1600765567	NC_000019.10:11129634:A:G	single nucleotide variant	missense variant	Uncertain significance	Mar 7, 2019	criteria provided, single submitter	NA	NA	NA	NA	NA	NA
NM_000527.5(LDLR):c.2516G>A (p.Cys839Tyr)	LDLR	C661Y, C671Y, C798Y, C839Y	Familial hypercholesterolemia	VCV004756922	19	11240315	19	11129639	4756922	4868257	NA	NC_000019.10:11129638:G:A	single nucleotide variant	missense variant	Uncertain significance	Jun 25, 2025	criteria provided, single submitter	NA	NA	NA	NA	NA	NA
NM_000527.5(LDLR):c.2519A>G (p.His840Arg)	LDLR	H662R, H672R, H799R, H840R	Familial hypercholesterolemia	VCV004758597	19	11240318	19	11129642	4758597	4869927	NA	NC_000019.10:11129641:A:G	single nucleotide variant	missense variant	Uncertain significance	Jun 30, 2025	criteria provided, single submitter	NA	NA	NA	NA	NA	NA
NM_000527.5(LDLR):c.2523C>G (p.Asn841Lys)	LDLR	N663K, N673K, N800K, N841K	Hypercholesterolemia, familial, 1	VCV003069246	19	11240322	19	11129646	3069246	3229873	rs753716119	NC_000019.10:11129645:C:G	single nucleotide variant	missense variant	Uncertain significance	Feb 10, 2023	criteria provided, single submitter	NA	NA	NA	NA	NA	NA
NM_000527.5(LDLR):c.2525A>G (p.Gln842Arg)	LDLR	Q664R, Q674R, Q801R, Q842R	Hypercholesterolemia, familial, 1	VCV003072607	19	11240324	19	11129648	3072607	3231048	rs2512461764	NC_000019.10:11129647:A:G	single nucleotide variant	missense variant	Uncertain significance	Aug 8, 2023	criteria provided, single submitter	NA	NA	NA	NA	NA	NA
NM_000527.5(LDLR):c.2530G>A (p.Gly844Ser)	LDLR	G844S, G666S, G803S, G676S	Hypercholesterolemia, familial, 1	VCV000440701	19	11240329	19	11129653	440701	434352	rs1555809614	NC_000019.10:11129652:G:A	single nucleotide variant	missense variant	Uncertain significance	Mar 20, 2023	reviewed by expert panel	NA	NA	NA	NA	NA	NA
NM_000527.5(LDLR):c.2534A>G (p.Tyr845Cys)	LDLR	Y677C, Y845C, Y667C, Y804C	Familial hypercholesterolemia	VCV001475732	19	11240333	19	11129657	1475732	1400763	rs1568619827	NC_000019.10:11129656:A:G	single nucleotide variant	missense variant	Uncertain significance	Sep 2, 2021	criteria provided, single submitter	NA	NA	NA	NA	NA	NA
NM_000527.5(LDLR):c.2537G>A (p.Ser846Asn)	LDLR	S668N, S678N, S805N, S846N	Hypercholesterolemia, familial, 1	VCV003387000	19	11240336	19	11129660	3387000	3546135	NA	NC_000019.10:11129659:G:A	single nucleotide variant	missense variant	Uncertain significance	Jul 29, 2024	criteria provided, single submitter	NA	NA	NA	NA	NA	NA
NM_000527.5(LDLR):c.2538C>G (p.Ser846Arg)	LDLR	S668R, S678R, S805R, S846R	Familial hypercholesterolemia	VCV004845232	19	11240337	19	11129661	4845232	4956309	NA	NC_000019.10:11129660:C:G	single nucleotide variant	missense variant	Uncertain significance	Feb 24, 2026	criteria provided, single submitter	NA	NA	NA	NA	NA	NA
NM_000527.5(LDLR):c.2540A>C (p.Tyr847Ser)	LDLR	Y806S, Y669S, Y679S, Y847S	Familial hypercholesterolemia	VCV000927243	19	11240339	19	11129663	927243	914819	rs2077690044	NC_000019.10:11129662:A:C	single nucleotide variant	missense variant	Uncertain significance	Mar 6, 2024	criteria provided, single submitter	NA	NA	NA	NA	NA	NA
NM_000527.5(LDLR):c.2542C>T (p.Pro848Ser)	LDLR	P670S, P680S, P807S, P848S	Hypercholesterolemia, familial, 1|Cardiovascular phenotype	VCV003074586	19	11240341	19	11129665	3074586	3229553	rs1279755504	NC_000019.10:11129664:C:T	single nucleotide variant	missense variant	Uncertain significance	Jun 9, 2026	criteria provided, multiple submitters, no conflicts	NA	NA	NA	NA	NA	NA
NM_000527.5(LDLR):c.2549G>A (p.Arg850Lys)	LDLR	R850K, R682K, R672K, R809K	Hypercholesterolemia, familial, 1	VCV000252358	19	11241958	19	11131282	252358	246643	rs879255228	NC_000019.10:11131281:G:A	single nucleotide variant	missense variant|intron variant	Uncertain significance	Mar 25, 2016	criteria provided, single submitter	NA	NA	NA	NA	NA	NA
NM_000527.5(LDLR):c.2552A>G (p.Gln851Arg)	LDLR	Q673R, Q683R, Q810R, Q851R	not specified|not provided|Cardiovascular phenotype|Familial hypercholesterolemia|Hypercholesterolemia, familial, 1	VCV000919423	19	11241961	19	11131285	919423	914820	rs372328061	NC_000019.10:11131284:A:G	single nucleotide variant	missense variant|splice acceptor variant	Uncertain significance	Feb 17, 2026	criteria provided, multiple submitters, no conflicts	NA	NA	NA	NA	NA	NA
NM_000527.5(LDLR):c.2554A>T (p.Met852Leu)	LDLR	M674L, M684L, M811L, M850L, M852L	not specified	VCV004847620	19	11241963	19	11131287	4847620	4958680	NA	NC_000019.10:11131286:A:T	single nucleotide variant	missense variant	Uncertain significance	Mar 27, 2026	criteria provided, single submitter	NA	NA	NA	NA	NA	NA
NM_000527.5(LDLR):c.2557G>C (p.Val853Leu)	LDLR	V851L, V675L, V812L, V685L, V853L	Familial hypercholesterolemia|Hypercholesterolemia, familial, 1	VCV002917087	19	11241966	19	11131290	2917087	3077149	rs2512466417	NC_000019.10:11131289:G:C	single nucleotide variant	missense variant	Uncertain significance	Sep 23, 2024	criteria provided, multiple submitters, no conflicts	NA	NA	NA	NA	NA	NA
NM_000527.5(LDLR):c.2558T>A (p.Val853Asp)	LDLR	V812D, V675D, V853D, V685D, V851D	Cardiovascular phenotype	VCV003537738	19	11241967	19	11131291	3537738	3698958	NA	NC_000019.10:11131290:T:A	single nucleotide variant	missense variant	Uncertain significance	Sep 5, 2024	criteria provided, single submitter	NA	NA	NA	NA	NA	NA
NM_000527.5(LDLR):c.2560A>G (p.Ser854Gly)	LDLR	S854G, S676G, S686G, S852G, S813G	Familial hypercholesterolemia|not specified|Hypercholesterolemia, familial, 1	VCV000431554	19	11241969	19	11131293	431554	425065	rs1135402786	NC_000019.10:11131292:A:G	single nucleotide variant	missense variant	Uncertain significance	Jul 24, 2025	criteria provided, multiple submitters, no conflicts	NA	NA	NA	NA	NA	NA
NM_000527.5(LDLR):c.2561G>A (p.Ser854Asn)	LDLR	S676N, S686N, S813N, S852N, S854N	Familial hypercholesterolemia	VCV001332017	19	11241970	19	11131294	1332017	1322737	rs2077714879	NC_000019.10:11131293:G:A	single nucleotide variant	missense variant	Uncertain significance	Mar 7, 2024	criteria provided, single submitter	NA	NA	NA	NA	NA	NA
NM_000527.5(LDLR):c.2561G>C (p.Ser854Thr)	LDLR	S686T, S854T, S852T, S676T, S813T	Familial hypercholesterolemia|Hypercholesterolemia, familial, 1	VCV000926963	19	11241970	19	11131294	926963	914821	rs2077714879	NC_000019.10:11131293:G:C	single nucleotide variant	missense variant	Uncertain significance	Mar 6, 2024	criteria provided, multiple submitters, no conflicts	NA	NA	NA	NA	NA	NA
NM_000527.5(LDLR):c.2563C>G (p.Leu855Val)	LDLR	L677V, L687V, L814V, L853V, L855V	Familial hypercholesterolemia	VCV003894303	19	11241972	19	11131296	3894303	4010184	NA	NC_000019.10:11131295:C:G	single nucleotide variant	missense variant	Uncertain significance	Aug 19, 2024	criteria provided, single submitter	NA	NA	NA	NA	NA	NA
NM_000527.5(LDLR):c.2563C>A (p.Leu855Met)	LDLR	L855M, L687M, L853M, L677M, L814M	Hypercholesterolemia, familial, 1|Familial hypercholesterolemia	VCV000628317	19	11241972	19	11131296	628317	618969	rs775803775	NC_000019.10:11131295:C:A	single nucleotide variant	missense variant	Uncertain significance	Jun 8, 2023	criteria provided, multiple submitters, no conflicts	NA	NA	NA	NA	NA	NA
NM_000527.5(LDLR):c.2566G>A (p.Glu856Lys)	LDLR	E678K, E688K, E815K, E854K, E856K	not provided	VCV004689971	19	11241975	19	11131299	4689971	4801428	NA	NC_000019.10:11131298:G:A	single nucleotide variant	missense variant	Uncertain significance	Jul 30, 2025	criteria provided, single submitter	NA	NA	NA	NA	NA	NA
